city,state,state_original,year,month,PM2.5 (ug/m3)_mean,PM2.5 (ug/m3)_flag,PM2.5 (ug/m3)_coverage_pct,PM10 (ug/m3)_mean,PM10 (ug/m3)_flag,PM10 (ug/m3)_coverage_pct,NO (ug/m3)_mean,NO (ug/m3)_flag,NO (ug/m3)_coverage_pct,NO2 (ug/m3)_mean,NO2 (ug/m3)_flag,NO2 (ug/m3)_coverage_pct,NOx (ppb)_mean,NOx (ppb)_flag,NOx (ppb)_coverage_pct,SO2 (ug/m3)_mean,SO2 (ug/m3)_flag,SO2 (ug/m3)_coverage_pct,CO (mg/m3)_mean,CO (mg/m3)_flag,CO (mg/m3)_coverage_pct,NH3 (ug/m3)_mean,NH3 (ug/m3)_flag,NH3 (ug/m3)_coverage_pct,WS (m/s)_mean,WS (m/s)_flag,WS (m/s)_coverage_pct,WD (degree)_mean,WD (degree)_flag,WD (degree)_coverage_pct,RH (%)_mean,RH (%)_flag,RH (%)_coverage_pct,AT (degree C)_mean,AT (degree C)_flag,AT (degree C)_coverage_pct,SR (W/mt2)_mean,SR (W/mt2)_flag,SR (W/mt2)_coverage_pct,RF (mm)_mean,RF (mm)_flag,RF (mm)_coverage_pct,BP (mmHg)_mean,BP (mmHg)_flag,BP (mmHg)_coverage_pct,Ozone (ug/m3)_mean,Ozone (ug/m3)_flag,Ozone (ug/m3)_coverage_pct,Benzene (ug/m3)_mean,Benzene (ug/m3)_flag,Benzene (ug/m3)_coverage_pct,Toluene (ug/m3)_mean,Toluene (ug/m3)_flag,Toluene (ug/m3)_coverage_pct,Eth-Benzene (ug/m3)_mean,Eth-Benzene (ug/m3)_flag,Eth-Benzene (ug/m3)_coverage_pct,MP-Xylene (ug/m3)_mean,MP-Xylene (ug/m3)_flag,MP-Xylene (ug/m3)_coverage_pct,O Xylene (ug/m3)_mean,O Xylene (ug/m3)_flag,O Xylene (ug/m3)_coverage_pct,Xylene (ug/m3)_mean,Xylene (ug/m3)_flag,Xylene (ug/m3)_coverage_pct,CH4 (ug/m3)_mean,CH4 (ug/m3)_flag,CH4 (ug/m3)_coverage_pct,NMHC (ug/m3)_mean,NMHC (ug/m3)_flag,NMHC (ug/m3)_coverage_pct,THC (ug/m3)_mean,THC (ug/m3)_flag,THC (ug/m3)_coverage_pct,CO2 (mg/m3)_mean,CO2 (mg/m3)_flag,CO2 (mg/m3)_coverage_pct,HCHO (ug/m3)_mean,HCHO (ug/m3)_flag,HCHO (ug/m3)_coverage_pct,Hg (ug/m3)_mean,Hg (ug/m3)_flag,Hg (ug/m3)_coverage_pct,SPM (ug/m3)_mean,SPM (ug/m3)_flag,SPM (ug/m3)_coverage_pct,data_quality_tier,actual_data_years,data_first_year,data_last_year,n_stations
Bathinda,Punjab,Punjab,2018,6,74.71223659889093,good,75.1,124.21449523809524,good,72.9,10.706883116883118,good,74.9,15.47514814814815,good,75.0,23.855946428571425,good,77.8,9.864022556390978,good,73.9,0.5877179962894249,good,74.9,,insufficient,0.0,1.3496125461254613,good,75.3,171.76505535055352,good,75.3,60.28872693726937,good,75.3,34.69651291512915,good,75.3,280.03037664783426,good,73.8,,insufficient,2.6,810.5,good,75.3,,no_data,0.0,,no_data,0.0,,no_data,0.0,,no_data,0.0,,no_data,0.0,,no_data,0.0,,no_data,0.0,,no_data,0.0,,no_data,0.0,,no_data,0.0,,no_data,0.0,,no_data,0.0,,no_data,0.0,,no_data,0.0,tier_2,6,2018,2023,1
Bathinda,Punjab,Punjab,2018,7,42.06097087378641,good,96.9,85.74832378223496,good,93.8,7.418515950069348,good,96.9,10.695498614958447,good,97.0,17.199327846364884,good,98.0,7.424529085872576,good,97.0,0.47224233983286906,good,96.5,,insufficient,0.0,1.4809185185185185,good,90.7,159.30152592592592,good,90.7,84.87720608575381,good,97.2,34.399925816023746,good,90.6,282.69715877437324,good,96.5,,insufficient,3.5,810.0882849239282,good,97.2,,no_data,0.0,,no_data,0.0,,no_data,0.0,,no_data,0.0,,no_data,0.0,,no_data,0.0,,no_data,0.0,,no_data,0.0,,no_data,0.0,,no_data,0.0,,no_data,0.0,,no_data,0.0,,no_data,0.0,,no_data,0.0,tier_2,6,2018,2023,1
Bathinda,Punjab,Punjab,2018,8,39.46102040816327,good,92.2,72.09128410914927,good,83.7,7.7613722627737225,good,92.1,10.749125364431487,good,92.2,17.554398280802292,good,93.8,7.25140350877193,good,91.9,0.4327098674521355,good,91.3,,insufficient,0.0,1.4127259475218656,good,92.2,152.22569970845478,good,92.2,44.98435860058309,good,92.2,29.892755102040816,good,92.2,225.3224411764706,good,91.4,,insufficient,0.5,811.3057434402332,good,92.2,,no_data,0.0,,no_data,0.0,,no_data,0.0,,no_data,0.0,,no_data,0.0,,no_data,0.0,,no_data,0.0,,no_data,0.0,,no_data,0.0,,no_data,0.0,,no_data,0.0,,no_data,0.0,,no_data,0.0,,no_data,0.0,tier_2,6,2018,2023,1
Bathinda,Punjab,Punjab,2018,9,45.256991150442474,good,94.2,90.70001692047377,good,82.1,8.176524300441825,good,94.3,11.29710294117647,good,94.4,16.628345120226307,good,98.2,7.086832000000001,good,86.8,0.15602962962962963,good,93.8,,insufficient,0.0,1.4459499263622975,good,94.3,159.35030927835052,good,94.3,70.69133823529413,good,94.4,31.786676470588233,good,94.4,269.5206764705882,good,94.4,,insufficient,0.0,813.8507794117647,good,94.4,,no_data,0.0,,no_data,0.0,,no_data,0.0,,no_data,0.0,,no_data,0.0,,no_data,0.0,,no_data,0.0,,no_data,0.0,,no_data,0.0,,no_data,0.0,,no_data,0.0,,no_data,0.0,,no_data,0.0,,no_data,0.0,tier_2,6,2018,2023,1
Bathinda,Punjab,Punjab,2018,10,41.16724617524339,good,96.6,113.98474285714286,good,94.1,12.916941678520626,good,94.5,17.935949008498582,good,94.9,26.9394972826087,good,98.9,2.9430999999999994,good,53.8,0.22692086330935252,good,93.4,,insufficient,0.0,1.4653546592489568,good,96.6,198.6526842837274,good,96.6,44.91031988873435,good,96.6,26.601780250347705,good,96.6,295.3909874826147,good,96.6,,insufficient,0.0,815.6167037552154,good,96.6,,no_data,0.0,,no_data,0.0,,no_data,0.0,,no_data,0.0,,no_data,0.0,,no_data,0.0,,no_data,0.0,,no_data,0.0,,no_data,0.0,,no_data,0.0,,no_data,0.0,,no_data,0.0,,no_data,0.0,,no_data,0.0,tier_2,6,2018,2023,1
Bathinda,Punjab,Punjab,2018,11,54.194969788519636,good,91.9,147.26227769110764,good,89.0,12.792455882352943,good,94.4,18.10743024963289,good,94.6,24.95965957446808,good,97.9,12.139697885196375,good,91.9,0.4012883435582823,good,90.6,,insufficient,0.0,1.5317767988252569,good,94.6,204.87688693098386,good,94.6,57.31396992481202,good,92.4,21.7551248164464,good,94.6,472.86999999999995,good,94.6,,insufficient,0.0,876.2273848439822,good,93.5,,no_data,0.0,,no_data,0.0,,no_data,0.0,,no_data,0.0,,no_data,0.0,,no_data,0.0,,no_data,0.0,,no_data,0.0,,no_data,0.0,,no_data,0.0,,no_data,0.0,,no_data,0.0,,no_data,0.0,,no_data,0.0,tier_2,6,2018,2023,1
Bathinda,Punjab,Punjab,2018,12,45.12227142857142,good,94.1,112.63703976435936,good,91.3,12.932259887005651,good,95.2,17.906694915254235,good,95.2,29.90218487394958,good,96.0,9.243575667655787,good,90.6,0.5405467625899281,good,93.4,,insufficient,0.0,1.574857142857143,good,94.1,241.48885877318116,good,94.2,63.5079015918958,good,92.9,18.81231098430813,good,94.2,541.8662093352193,good,95.0,,insufficient,0.0,982.9511016949152,good,95.2,,no_data,0.0,,no_data,0.0,,no_data,0.0,,no_data,0.0,,no_data,0.0,,no_data,0.0,,no_data,0.0,,no_data,0.0,,no_data,0.0,,no_data,0.0,,no_data,0.0,,no_data,0.0,,no_data,0.0,,no_data,0.0,tier_2,6,2018,2023,1
Bathinda,Punjab,Punjab,2019,1,38.96295977011494,good,93.5,95.6342463768116,good,92.7,12.291853932584269,good,95.7,18.65255977496484,good,95.6,29.440376569037657,good,96.4,7.165602836879432,good,94.8,0.6990128755364807,good,94.0,,insufficient,0.0,1.5958757062146893,good,95.2,240.50276836158196,good,95.2,61.284375,good,94.6,18.001117824773416,good,89.0,586.902654494382,good,95.7,,insufficient,0.0,982.9030196629213,good,95.7,,no_data,0.0,,no_data,0.0,,no_data,0.0,,no_data,0.0,,no_data,0.0,,no_data,0.0,,no_data,0.0,,no_data,0.0,,no_data,0.0,,no_data,0.0,,no_data,0.0,,no_data,0.0,,no_data,0.0,,no_data,0.0,tier_2,6,2018,2023,1
Bathinda,Punjab,Punjab,2019,2,31.522084639498434,good,94.9,101.43433386837881,good,92.7,12.842382445141064,good,94.9,18.041902515723272,good,94.6,29.29007668711656,good,97.0,4.48610248447205,good,95.8,0.9448900169204739,good,87.9,,insufficient,0.0,1.5441692789968653,good,94.9,226.1438775510204,good,94.8,67.21404838709677,good,92.3,20.852474437627812,good,72.8,700.1831211180124,good,95.8,,insufficient,0.0,976.6052639751554,good,95.8,,no_data,0.0,,no_data,0.0,,no_data,0.0,,no_data,0.0,,no_data,0.0,,no_data,0.0,,no_data,0.0,,no_data,0.0,,no_data,0.0,,no_data,0.0,,no_data,0.0,,no_data,0.0,,no_data,0.0,,no_data,0.0,tier_2,6,2018,2023,1
Bathinda,Punjab,Punjab,2019,3,20.852690647482014,good,93.4,110.42346762589928,good,93.4,14.074486251808972,good,92.9,18.164147398843927,good,93.0,31.05501424501425,good,94.4,6.130129496402878,good,93.4,1.7477473363774734,good,88.3,,insufficient,0.0,0.9993687230989958,good,93.7,234.4455093256815,good,93.7,63.624625360230546,good,93.3,17.936239193083573,good,93.3,836.1293821839081,good,93.5,,insufficient,0.0,977.446417266187,good,93.4,,no_data,0.0,,no_data,0.0,,no_data,0.0,,no_data,0.0,,no_data,0.0,,no_data,0.0,,no_data,0.0,,no_data,0.0,,no_data,0.0,,no_data,0.0,,no_data,0.0,,no_data,0.0,,no_data,0.0,,no_data,0.0,tier_2,6,2018,2023,1
Bathinda,Punjab,Punjab,2019,4,26.02754716981132,good,95.7,121.03030701754388,good,95.0,14.113578643578641,good,96.2,16.09023088023088,good,96.2,31.552568149210902,good,96.8,5.58703056768559,good,95.4,1.6034880239520959,good,92.8,,insufficient,0.0,1.0065552325581395,good,95.6,205.06863372093028,good,95.6,38.111250000000005,good,94.4,28.455339105339103,good,96.2,868.2340692640693,good,96.2,,insufficient,0.0,976.3812409812409,good,96.2,,no_data,0.0,,no_data,0.0,,no_data,0.0,,no_data,0.0,,no_data,0.0,,no_data,0.0,,no_data,0.0,,no_data,0.0,,no_data,0.0,,no_data,0.0,,no_data,0.0,,no_data,0.0,,no_data,0.0,,no_data,0.0,tier_2,6,2018,2023,1
Bathinda,Punjab,Punjab,2019,5,26.98621478873239,good,76.3,111.25117744610283,good,81.0,15.202979797979797,good,79.8,21.917021276595744,good,82.1,33.88142857142857,good,84.7,5.682910321489001,good,79.4,1.4713698630136987,good,78.5,,insufficient,0.0,1.1119796954314722,good,79.4,223.38883248730963,good,79.4,47.24613675213675,good,78.6,30.756790352504638,good,72.4,868.0750346020761,good,77.7,,insufficient,0.0,974.2322357019065,good,77.6,,no_data,0.0,,no_data,0.0,,no_data,0.0,,no_data,0.0,,no_data,0.0,,no_data,0.0,,no_data,0.0,,no_data,0.0,,no_data,0.0,,no_data,0.0,,no_data,0.0,,no_data,0.0,,no_data,0.0,,no_data,0.0,tier_2,6,2018,2023,1
Bathinda,Punjab,Punjab,2019,6,34.33205438066465,good,91.9,94.0088597842835,good,90.1,15.03242774566474,good,96.1,19.812697274031564,good,96.8,34.728669467787114,good,99.2,6.151964809384164,good,94.7,1.4446860643185298,good,90.7,,insufficient,0.0,1.54805270863836,good,94.9,199.20519519519516,good,92.5,46.28417935702199,good,82.1,,insufficient,0.0,808.1209384164223,good,94.7,,insufficient,0.0,967.7233810888251,good,96.9,,no_data,0.0,,no_data,0.0,,no_data,0.0,,no_data,0.0,,no_data,0.0,,no_data,0.0,,no_data,0.0,,no_data,0.0,,no_data,0.0,,no_data,0.0,,no_data,0.0,,no_data,0.0,,no_data,0.0,,no_data,0.0,tier_2,6,2018,2023,1
Bathinda,Punjab,Punjab,2019,7,13.302152777777776,good,96.8,52.50420027816412,good,96.6,16.04729344729345,good,94.4,23.405185185185182,good,94.4,38.95517094017094,good,94.4,4.876381766381766,good,94.4,1.7709626436781611,good,93.5,,insufficient,0.0,0.8003193033381713,good,92.6,143.10777939042092,good,92.6,60.825361111111114,good,96.8,,insufficient,0.0,800.243836565097,good,97.0,,insufficient,0.3,969.8698753462604,good,97.0,,no_data,0.0,,no_data,0.0,,no_data,0.0,,no_data,0.0,,no_data,0.0,,no_data,0.0,,no_data,0.0,,no_data,0.0,,no_data,0.0,,no_data,0.0,,no_data,0.0,,no_data,0.0,,no_data,0.0,,no_data,0.0,tier_2,6,2018,2023,1
Bathinda,Punjab,Punjab,2019,8,7.030875420875421,good,79.8,17.122504892367907,good,68.7,15.599687500000002,good,81.7,23.716640253565767,good,84.8,39.267369255150555,good,84.8,4.9985346215781,good,83.5,,insufficient,6.5,,insufficient,0.0,0.6022796352583587,sparse,44.2,183.98744680851067,sparse,44.2,63.50865384615384,good,76.9,,insufficient,0.0,805.3781587301587,good,84.7,,insufficient,0.0,971.3008571428572,good,84.7,,no_data,0.0,,no_data,0.0,,no_data,0.0,,no_data,0.0,,no_data,0.0,,no_data,0.0,,no_data,0.0,,no_data,0.0,,no_data,0.0,,no_data,0.0,,no_data,0.0,,no_data,0.0,,no_data,0.0,,no_data,0.0,tier_2,6,2018,2023,1
Bathinda,Punjab,Punjab,2019,9,20.389102749638205,good,96.0,66.52386167146973,good,96.4,15.453819444444445,good,100.0,23.406930555555554,good,100.0,38.81941666666667,good,100.0,6.785983026874117,good,98.2,1.589665551839465,sparse,41.5,,insufficient,0.0,0.5023582089552239,sparse,46.5,188.42546268656716,sparse,46.5,62.568111111111115,good,100.0,,insufficient,0.0,803.5355694444444,good,100.0,,insufficient,0.0,973.7004166666667,good,100.0,,no_data,0.0,,no_data,0.0,,no_data,0.0,,no_data,0.0,,no_data,0.0,,no_data,0.0,,no_data,0.0,,no_data,0.0,,no_data,0.0,,no_data,0.0,,no_data,0.0,,no_data,0.0,,no_data,0.0,,no_data,0.0,tier_2,6,2018,2023,1
Bathinda,Punjab,Punjab,2019,10,39.17056737588653,good,94.8,123.98656737588652,good,94.8,15.415302390998594,good,95.6,24.294219409282704,good,95.6,39.666258790436004,good,95.6,7.283693181818182,good,94.6,2.253009845288326,good,95.6,,insufficient,0.0,0.6331493506493507,good,82.8,199.29909090909092,good,82.8,60.02316455696203,good,95.6,,insufficient,0.0,778.3625035161743,good,95.6,,insufficient,0.0,977.464135021097,good,95.6,,no_data,0.0,,no_data,0.0,,no_data,0.0,,no_data,0.0,,no_data,0.0,,no_data,0.0,,no_data,0.0,,no_data,0.0,,no_data,0.0,,no_data,0.0,,no_data,0.0,,no_data,0.0,,no_data,0.0,,no_data,0.0,tier_2,6,2018,2023,1
Bathinda,Punjab,Punjab,2019,11,80.16761971830987,good,98.6,160.7471032357473,good,90.1,15.429611111111111,good,100.0,23.448208333333334,good,100.0,38.83111265646732,good,99.9,7.153083333333334,good,100.0,2.3283588317107093,good,99.9,,insufficient,0.0,0.544014423076923,good,57.8,253.23067307692307,good,57.8,61.24918055555556,good,100.0,,insufficient,0.0,759.8569444444445,good,100.0,,insufficient,0.0,979.09975,good,100.0,,no_data,0.0,,no_data,0.0,,no_data,0.0,,no_data,0.0,,no_data,0.0,,no_data,0.0,,no_data,0.0,,no_data,0.0,,no_data,0.0,,no_data,0.0,,no_data,0.0,,no_data,0.0,,no_data,0.0,,no_data,0.0,tier_2,6,2018,2023,1
Bathinda,Punjab,Punjab,2019,12,57.662493188010906,good,98.7,163.18656675749318,good,98.7,14.696617250673853,good,99.7,18.20075471698113,good,99.7,32.848409703504046,good,99.7,7.313761969904242,good,98.3,1.7748382749326144,good,99.7,,insufficient,0.0,,insufficient,16.4,,insufficient,16.4,66.60316285329743,good,99.9,,insufficient,0.0,727.3692059219381,good,99.9,,insufficient,0.0,980.9284118438761,good,99.9,,no_data,0.0,,no_data,0.0,,no_data,0.0,,no_data,0.0,,no_data,0.0,,no_data,0.0,,no_data,0.0,,no_data,0.0,,no_data,0.0,,no_data,0.0,,no_data,0.0,,no_data,0.0,,no_data,0.0,,no_data,0.0,tier_2,6,2018,2023,1
Bathinda,Punjab,Punjab,2020,1,53.94461645746165,good,96.4,95.46231520223154,good,96.4,14.631854838709678,good,100.0,18.330753701211304,good,99.9,32.84729838709677,good,100.0,7.490403225806452,good,100.0,1.8080779569892473,good,100.0,,insufficient,0.0,3.698837209302326,good,80.9,233.57318936877076,good,80.9,68.12697580645161,good,100.0,,insufficient,0.0,731.667056451613,good,100.0,,insufficient,0.0,980.417379032258,good,100.0,,no_data,0.0,,no_data,0.0,,no_data,0.0,,no_data,0.0,,no_data,0.0,,no_data,0.0,,no_data,0.0,,no_data,0.0,,no_data,0.0,,no_data,0.0,,no_data,0.0,,no_data,0.0,,no_data,0.0,,no_data,0.0,tier_2,6,2018,2023,1
Bathinda,Punjab,Punjab,2020,2,65.69460843373494,good,95.4,120.83149321266968,good,95.3,14.665335320417288,good,96.4,18.14248511904762,good,96.6,32.76638392857143,good,96.6,5.488985074626865,good,96.3,1.8332738095238095,good,96.6,,insufficient,0.0,4.006934523809524,good,96.6,230.53138599105813,good,96.4,65.18254464285714,good,96.6,,insufficient,0.0,754.0967113095238,good,96.6,,insufficient,0.1,979.7184523809525,good,96.6,,no_data,0.0,,no_data,0.0,,no_data,0.0,,no_data,0.0,,no_data,0.0,,no_data,0.0,,no_data,0.0,,no_data,0.0,,no_data,0.0,,no_data,0.0,,no_data,0.0,,no_data,0.0,,no_data,0.0,,no_data,0.0,tier_2,6,2018,2023,1
Bathinda,Punjab,Punjab,2020,3,24.5218523878437,good,92.9,79.1757394843962,good,99.1,14.60106182795699,good,100.0,18.262056451612906,good,100.0,32.85362903225806,good,100.0,8.763122476446837,good,99.9,2.0545564516129033,good,100.0,,insufficient,0.0,3.9843478260869567,good,98.9,204.70832880434784,good,98.9,64.92994623655915,good,100.0,,insufficient,0.0,769.8429032258065,good,100.0,,insufficient,0.5,977.5789112903225,good,100.0,,no_data,0.0,,no_data,0.0,,no_data,0.0,,no_data,0.0,,no_data,0.0,,no_data,0.0,,no_data,0.0,,no_data,0.0,,no_data,0.0,,no_data,0.0,,no_data,0.0,,no_data,0.0,,no_data,0.0,,no_data,0.0,tier_2,6,2018,2023,1
Bathinda,Punjab,Punjab,2020,4,19.01322795341098,good,83.5,60.2708153078203,good,83.5,14.814389204545455,good,97.8,18.14900709219858,good,97.9,32.96290780141844,good,97.9,9.857378223495703,good,96.9,1.9485327635327634,good,97.5,,insufficient,0.0,4.242195467422096,good,98.1,234.11325779036827,good,98.1,52.22665722379603,good,98.1,,insufficient,0.0,790.8592776203965,good,98.1,,insufficient,0.0,975.6814447592068,good,98.1,,no_data,0.0,,no_data,0.0,,no_data,0.0,,no_data,0.0,,no_data,0.0,,no_data,0.0,,no_data,0.0,,no_data,0.0,,no_data,0.0,,no_data,0.0,,no_data,0.0,,no_data,0.0,,no_data,0.0,,no_data,0.0,tier_2,6,2018,2023,1
Bathinda,Punjab,Punjab,2020,5,33.584251748251745,good,96.1,85.59476331360946,good,90.9,14.675579514824799,good,99.7,18.238180592991917,good,99.7,32.91059299191375,good,99.7,9.012855209742895,good,99.3,0.554,good,98.8,,insufficient,0.0,4.852439353099731,good,99.7,200.48803234501347,good,99.7,47.80057795698925,good,100.0,,insufficient,0.0,807.7271370967742,good,100.0,,insufficient,0.0,972.9721774193549,good,100.0,,no_data,0.0,,no_data,0.0,,no_data,0.0,,no_data,0.0,,no_data,0.0,,no_data,0.0,,no_data,0.0,,no_data,0.0,,no_data,0.0,,no_data,0.0,,no_data,0.0,,no_data,0.0,,no_data,0.0,,no_data,0.0,tier_2,6,2018,2023,1
Bathinda,Punjab,Punjab,2020,6,15.227487001733099,good,80.1,65.11561101549053,good,80.7,14.605857605177993,good,85.8,18.136763754045308,good,85.8,32.71988673139158,good,85.8,12.95422033898305,good,81.9,0.37146218487394955,good,82.6,,insufficient,0.0,5.143528505392911,good,90.1,172.78459167950695,good,90.1,53.05773353751914,good,90.7,,insufficient,0.0,822.1983614088821,good,90.7,,insufficient,0.3,970.8896018376721,good,90.7,,no_data,0.0,,no_data,0.0,,no_data,0.0,,no_data,0.0,,no_data,0.0,,no_data,0.0,,no_data,0.0,,no_data,0.0,,no_data,0.0,,no_data,0.0,,no_data,0.0,,no_data,0.0,,no_data,0.0,,no_data,0.0,tier_2,6,2018,2023,1
Bathinda,Punjab,Punjab,2020,7,12.55859405940594,good,67.9,26.254851485148517,good,67.9,14.805450980392157,good,68.5,18.34956862745098,good,68.5,33.04258823529412,good,68.5,8.742474437627813,good,65.7,0.5786625514403293,good,65.3,,insufficient,0.0,,insufficient,23.7,,insufficient,23.7,65.44861777150918,good,95.3,,insufficient,0.0,815.5404231311707,good,95.3,,insufficient,0.3,970.5913258110014,good,95.3,,no_data,0.0,,no_data,0.0,,no_data,0.0,,no_data,0.0,,no_data,0.0,,no_data,0.0,,no_data,0.0,,no_data,0.0,,no_data,0.0,,no_data,0.0,,no_data,0.0,,no_data,0.0,,no_data,0.0,,no_data,0.0,tier_2,6,2018,2023,1
Bathinda,Punjab,Punjab,2020,8,8.760905511811023,sparse,34.1,48.00456204379562,sparse,36.8,14.722296819787985,sparse,38.0,18.332862190812723,sparse,38.0,33.035512367491165,sparse,38.0,6.959430604982206,sparse,37.8,0.6052296819787986,sparse,38.0,,insufficient,0.0,,insufficient,0.0,,insufficient,0.0,68.72869718309859,sparse,38.2,,insufficient,0.0,814.8582394366197,sparse,38.2,,insufficient,0.0,970.5479929577465,sparse,38.2,,no_data,0.0,,no_data,0.0,,no_data,0.0,,no_data,0.0,,no_data,0.0,,no_data,0.0,,no_data,0.0,,no_data,0.0,,no_data,0.0,,no_data,0.0,,no_data,0.0,,no_data,0.0,,no_data,0.0,,no_data,0.0,tier_2,6,2018,2023,1
Bathinda,Punjab,Punjab,2020,9,17.85409090909091,good,76.4,40.46078324225866,good,76.2,14.727991391678623,good,96.8,18.246599713055954,good,96.8,32.91977044476327,good,96.8,6.886465517241379,good,96.7,0.5372035139092239,good,94.9,,insufficient,0.0,,insufficient,21.1,,insufficient,21.1,66.08878223495702,good,96.9,,insufficient,0.0,820.037664756447,good,96.9,,insufficient,0.3,972.1331805157592,good,96.9,,no_data,0.0,,no_data,0.0,,no_data,0.0,,no_data,0.0,,no_data,0.0,,no_data,0.0,,no_data,0.0,,no_data,0.0,,no_data,0.0,,no_data,0.0,,no_data,0.0,,no_data,0.0,,no_data,0.0,,no_data,0.0,tier_2,6,2018,2023,1
Bathinda,Punjab,Punjab,2020,10,54.92032831737345,good,98.3,116.93458333333335,good,90.3,14.738517520215632,good,99.7,18.2372371967655,good,99.7,32.954083557951485,good,99.7,7.3413189771197835,good,99.9,0.599608636977058,good,99.6,,insufficient,0.0,1.313869132290185,good,94.5,230.51961593172118,good,94.5,58.60047106325707,good,99.9,,insufficient,0.0,780.9246433378197,good,99.9,,insufficient,0.0,975.6423418573352,good,99.9,,no_data,0.0,,no_data,0.0,,no_data,0.0,,no_data,0.0,,no_data,0.0,,no_data,0.0,,no_data,0.0,,no_data,0.0,,no_data,0.0,,no_data,0.0,,no_data,0.0,,no_data,0.0,,no_data,0.0,,no_data,0.0,tier_2,6,2018,2023,1
Bathinda,Punjab,Punjab,2020,11,83.53256521739131,good,95.8,162.0693005952381,good,93.3,15.111144492131617,good,97.1,19.16606580829757,good,97.1,34.30256080114449,good,97.1,7.674659763313609,good,93.9,0.83757225433526,good,96.1,,insufficient,0.0,1.2972887323943665,good,78.9,235.29714788732394,good,78.9,60.02424892703862,good,97.1,,insufficient,0.0,755.6368383404864,good,97.1,,insufficient,0.3,979.5349070100143,good,97.1,,no_data,0.0,,no_data,0.0,,no_data,0.0,,no_data,0.0,,no_data,0.0,,no_data,0.0,,no_data,0.0,,no_data,0.0,,no_data,0.0,,no_data,0.0,,no_data,0.0,,no_data,0.0,,no_data,0.0,,no_data,0.0,tier_2,6,2018,2023,1
Bathinda,Punjab,Punjab,2020,12,63.18116244411326,good,90.2,161.8476136363636,good,94.6,17.683526970954354,good,97.2,24.24807745504841,good,97.2,42.132461964038725,good,97.2,7.076322489391795,good,95.0,0.6422961956521739,good,98.9,,insufficient,0.0,1.126031007751938,good,86.7,221.1537770897833,good,86.8,65.86848238482385,good,99.2,,insufficient,0.0,742.5920731707319,good,99.2,,insufficient,0.0,979.8505420054202,good,99.2,,no_data,0.0,,no_data,0.0,,no_data,0.0,,no_data,0.0,,no_data,0.0,,no_data,0.0,,no_data,0.0,,no_data,0.0,,no_data,0.0,,no_data,0.0,,no_data,0.0,,no_data,0.0,,no_data,0.0,,no_data,0.0,tier_2,6,2018,2023,1
Bathinda,Punjab,Punjab,2021,1,69.46060941828254,good,97.0,120.73860431654677,good,93.4,17.130040376850605,good,99.9,23.566298788694485,good,99.9,40.86468371467026,good,99.9,7.030734072022161,good,97.0,0.6144822888283379,good,98.7,,insufficient,0.0,1.1518284106891703,good,95.6,172.1927004219409,good,95.6,68.1665188172043,good,100.0,,insufficient,0.0,729.3734946236558,good,100.0,,insufficient,0.1,979.3233333333334,good,100.0,,no_data,0.0,,no_data,0.0,,no_data,0.0,,no_data,0.0,,no_data,0.0,,no_data,0.0,,no_data,0.0,,no_data,0.0,,no_data,0.0,,no_data,0.0,,no_data,0.0,,no_data,0.0,,no_data,0.0,,no_data,0.0,tier_2,6,2018,2023,1
Bathinda,Punjab,Punjab,2021,2,54.53254491017964,good,99.4,128.55582539682538,good,93.8,10.840464071856287,good,99.4,16.009099378881984,good,95.8,26.842904191616764,good,99.4,7.534307931570763,good,95.7,0.7756079027355622,good,97.9,,insufficient,0.0,1.1020426829268293,good,97.6,197.05342987804877,good,97.6,65.13855007473842,good,99.6,,insufficient,0.0,749.8445590433483,good,99.6,,insufficient,0.0,978.5520328849027,good,99.6,,no_data,0.0,,no_data,0.0,,no_data,0.0,,no_data,0.0,,no_data,0.0,,no_data,0.0,,no_data,0.0,,no_data,0.0,,no_data,0.0,,no_data,0.0,,no_data,0.0,,no_data,0.0,,no_data,0.0,,no_data,0.0,tier_2,6,2018,2023,1
Bathinda,Punjab,Punjab,2021,3,51.46480463096961,good,92.9,130.85530014641287,good,91.8,10.982069892473119,good,100.0,15.9235800807537,good,99.9,26.76755376344086,good,100.0,7.113293010752688,good,100.0,0.615766129032258,good,100.0,,insufficient,0.0,2.7804781420765026,good,98.4,193.8071994535519,good,98.4,58.564610215053776,good,100.0,,insufficient,0.0,776.8348655913977,good,100.0,,insufficient,0.0,976.5342473118279,good,100.0,,no_data,0.0,,no_data,0.0,,no_data,0.0,,no_data,0.0,,no_data,0.0,,no_data,0.0,,no_data,0.0,,no_data,0.0,,no_data,0.0,,no_data,0.0,,no_data,0.0,,no_data,0.0,,no_data,0.0,,no_data,0.0,tier_2,6,2018,2023,1
Bathinda,Punjab,Punjab,2021,4,39.046722054380666,good,91.9,84.42998487140696,good,91.8,10.878194444444444,good,100.0,16.036236111111112,good,100.0,26.91259722222222,good,100.0,7.038553546592489,good,99.9,0.5606954102920723,good,99.9,,insufficient,0.0,1.2950722543352602,good,96.1,207.67890173410402,good,96.1,45.30922222222222,good,100.0,,insufficient,0.0,783.1345694444444,good,100.0,,insufficient,0.3,975.4274166666667,good,100.0,,no_data,0.0,,no_data,0.0,,no_data,0.0,,no_data,0.0,,no_data,0.0,,no_data,0.0,,no_data,0.0,,no_data,0.0,,no_data,0.0,,no_data,0.0,,no_data,0.0,,no_data,0.0,,no_data,0.0,,no_data,0.0,tier_2,6,2018,2023,1
Bathinda,Punjab,Punjab,2021,5,51.6803605015674,good,85.8,100.91892744479495,good,85.2,10.893044077134986,good,97.6,10.725836849507735,good,95.6,20.54995867768595,good,97.6,8.548458149779735,good,91.5,0.5995567867036011,good,97.0,,insufficient,0.0,3.5526603001364254,good,98.5,159.98150068212826,good,98.5,48.230725806451616,good,100.0,,insufficient,0.0,797.7752688172044,good,100.0,,insufficient,0.1,972.4345026881721,good,100.0,,no_data,0.0,,no_data,0.0,,no_data,0.0,,no_data,0.0,,no_data,0.0,,no_data,0.0,,no_data,0.0,,no_data,0.0,,no_data,0.0,,no_data,0.0,,no_data,0.0,,no_data,0.0,,no_data,0.0,,no_data,0.0,tier_2,6,2018,2023,1
Bathinda,Punjab,Punjab,2021,6,24.879539877300612,good,90.6,98.453988005997,good,92.6,10.677875,good,100.0,16.181444444444445,good,100.0,26.828652777777773,good,100.0,6.732362869198311,good,98.8,0.5262324929971989,good,99.2,,insufficient,0.0,3.076016949152542,good,98.3,162.97381355932202,good,98.3,53.179291666666664,good,100.0,,insufficient,0.0,815.2028333333334,good,100.0,,insufficient,0.0,970.8460833333332,good,100.0,,no_data,0.0,,no_data,0.0,,no_data,0.0,,no_data,0.0,,no_data,0.0,,no_data,0.0,,no_data,0.0,,no_data,0.0,,no_data,0.0,,no_data,0.0,,no_data,0.0,,no_data,0.0,,no_data,0.0,,no_data,0.0,tier_2,6,2018,2023,1
Bathinda,Punjab,Punjab,2021,7,4.81754662840746,good,93.7,32.116106557377044,good,98.4,11.244153225806453,good,100.0,16.125551075268817,good,100.0,27.221868279569893,good,100.0,5.554075573549257,good,99.6,0.48180592991913745,good,99.7,,insufficient,0.0,4.148830645161291,good,100.0,119.29215053763441,good,100.0,62.529852150537636,good,100.0,,insufficient,0.0,808.9966801075269,good,100.0,,insufficient,1.3,937.1277956989248,good,100.0,,no_data,0.0,,no_data,0.0,,no_data,0.0,,no_data,0.0,,no_data,0.0,,no_data,0.0,,no_data,0.0,,no_data,0.0,,no_data,0.0,,no_data,0.0,,no_data,0.0,,no_data,0.0,,no_data,0.0,,no_data,0.0,tier_2,6,2018,2023,1
Bathinda,Punjab,Punjab,2021,8,19.38216494845361,good,78.2,40.42202401372213,good,78.4,12.85775537634409,good,100.0,15.247594086021504,good,100.0,26.964731182795695,good,100.0,5.520687331536388,good,99.7,0.8293126684636118,good,99.7,,insufficient,0.0,3.5874327956989243,good,100.0,153.1990322580645,good,100.0,66.27744623655914,good,100.0,,insufficient,0.0,812.6291397849462,good,100.0,,insufficient,2.0,846.1741991924629,good,99.9,,no_data,0.0,,no_data,0.0,,no_data,0.0,,no_data,0.0,,no_data,0.0,,no_data,0.0,,no_data,0.0,,no_data,0.0,,no_data,0.0,,no_data,0.0,,no_data,0.0,,no_data,0.0,,no_data,0.0,,no_data,0.0,tier_2,6,2018,2023,1
Bathinda,Punjab,Punjab,2021,9,9.66851254480287,good,77.5,30.029551971326168,good,77.5,13.365375,good,100.0,15.305972222222222,good,100.0,26.932513888888888,good,100.0,4.8994853963838665,good,99.9,1.1075694444444446,good,100.0,,insufficient,0.0,0.2282158273381295,good,96.5,120.02539568345323,good,96.5,68.04743055555555,good,100.0,,insufficient,0.0,801.8634583333334,good,100.0,,insufficient,2.4,840.8196388888888,good,100.0,,no_data,0.0,,no_data,0.0,,no_data,0.0,,no_data,0.0,,no_data,0.0,,no_data,0.0,,no_data,0.0,,no_data,0.0,,no_data,0.0,,no_data,0.0,,no_data,0.0,,no_data,0.0,,no_data,0.0,,no_data,0.0,tier_2,6,2018,2023,1
Bathinda,Punjab,Punjab,2021,10,35.682079566003615,good,74.3,99.26630681818182,sparse,47.3,15.983438596491228,sparse,38.3,13.752864,good,84.0,27.37943859649123,sparse,38.3,6.67010736196319,good,87.6,0.7747230769230768,good,87.4,,insufficient,0.0,0.3491666666666666,sparse,35.5,178.82169884169883,sparse,34.8,63.90192727272727,sparse,37.0,,insufficient,0.0,800.8160594795539,sparse,36.2,,insufficient,0.3,840.7595202952031,sparse,36.4,,no_data,0.0,,no_data,0.0,,no_data,0.0,,no_data,0.0,,no_data,0.0,,no_data,0.0,,no_data,0.0,,no_data,0.0,,no_data,0.0,,no_data,0.0,,no_data,0.0,,no_data,0.0,,no_data,0.0,,no_data,0.0,tier_2,6,2018,2023,1
Bathinda,Punjab,Punjab,2021,11,59.9686038961039,good,85.6,232.94606580829756,good,97.1,,insufficient,0.0,13.576701183431954,good,93.9,,insufficient,0.0,6.448912732474964,good,97.1,1.2371708683473388,good,99.2,,insufficient,0.0,,insufficient,0.0,,insufficient,0.0,,insufficient,0.0,,insufficient,0.0,,insufficient,0.0,,insufficient,0.0,,insufficient,0.0,,no_data,0.0,,no_data,0.0,,no_data,0.0,,no_data,0.0,,no_data,0.0,,no_data,0.0,,no_data,0.0,,no_data,0.0,,no_data,0.0,,no_data,0.0,,no_data,0.0,,no_data,0.0,,no_data,0.0,,no_data,0.0,tier_2,6,2018,2023,1
Bathinda,Punjab,Punjab,2021,12,60.50078431372548,good,82.3,217.05209800918834,good,87.8,,insufficient,6.9,13.07765060240964,good,89.2,,insufficient,9.5,6.926891117478511,good,93.8,1.1668669527896995,good,94.0,,insufficient,0.0,,insufficient,7.8,,insufficient,3.6,,insufficient,10.5,,insufficient,0.0,,insufficient,7.7,,insufficient,0.0,,insufficient,8.2,,no_data,0.0,,no_data,0.0,,no_data,0.0,,no_data,0.0,,no_data,0.0,,no_data,0.0,,no_data,0.0,,no_data,0.0,,no_data,0.0,,no_data,0.0,,no_data,0.0,,no_data,0.0,,no_data,0.0,,no_data,0.0,tier_2,6,2018,2023,1
Bathinda,Punjab,Punjab,2022,1,46.28767955801105,good,97.3,131.42495867768596,good,97.6,,insufficient,0.0,14.235237388724034,good,90.6,,insufficient,0.0,6.561499312242092,good,97.7,0.979632152588556,good,98.7,,insufficient,0.0,,insufficient,0.0,,insufficient,0.0,,insufficient,0.0,,insufficient,0.0,,insufficient,0.0,,insufficient,0.0,,insufficient,0.0,,no_data,0.0,,no_data,0.0,,no_data,0.0,,no_data,0.0,,no_data,0.0,,no_data,0.0,,no_data,0.0,,no_data,0.0,,no_data,0.0,,no_data,0.0,,no_data,0.0,,no_data,0.0,,no_data,0.0,,no_data,0.0,tier_2,6,2018,2023,1
Bathinda,Punjab,Punjab,2022,2,35.5305057096248,good,91.2,137.82697749196143,good,92.6,,insufficient,0.0,14.384345794392523,good,95.5,,insufficient,0.0,5.508229007633588,good,97.5,0.789172932330827,good,99.0,,insufficient,0.0,,insufficient,0.0,,insufficient,0.0,,insufficient,0.0,,insufficient,0.0,,insufficient,0.0,,insufficient,0.0,,insufficient,0.0,,no_data,0.0,,no_data,0.0,,no_data,0.0,,no_data,0.0,,no_data,0.0,,no_data,0.0,,no_data,0.0,,no_data,0.0,,no_data,0.0,,no_data,0.0,,no_data,0.0,,no_data,0.0,,no_data,0.0,,no_data,0.0,tier_2,6,2018,2023,1
Bathinda,Punjab,Punjab,2022,3,41.283956043956046,good,97.8,117.07014945652175,good,98.9,,insufficient,0.1,20.91116883116883,good,93.1,,insufficient,0.1,5.627302725968436,good,93.7,0.8382352941176471,good,98.3,,insufficient,0.0,,insufficient,0.1,,insufficient,0.1,,insufficient,0.1,,insufficient,0.0,,insufficient,0.1,,insufficient,0.0,,insufficient,0.1,,no_data,0.0,,no_data,0.0,,no_data,0.0,,no_data,0.0,,no_data,0.0,,no_data,0.0,,no_data,0.0,,no_data,0.0,,no_data,0.0,,no_data,0.0,,no_data,0.0,,no_data,0.0,,no_data,0.0,,no_data,0.0,tier_2,6,2018,2023,1
Bathinda,Punjab,Punjab,2022,4,48.438614008941876,good,93.2,141.3881350954479,good,94.6,,insufficient,0.0,22.55470319634703,good,91.2,,insufficient,0.0,6.955066079295154,good,94.6,0.8560000000000001,good,97.2,,insufficient,0.0,,insufficient,0.0,,insufficient,0.0,,insufficient,0.0,,insufficient,0.0,,insufficient,0.0,,insufficient,0.0,,insufficient,0.0,,no_data,0.0,,no_data,0.0,,no_data,0.0,,no_data,0.0,,no_data,0.0,,no_data,0.0,,no_data,0.0,,no_data,0.0,,no_data,0.0,,no_data,0.0,,no_data,0.0,,no_data,0.0,,no_data,0.0,,no_data,0.0,tier_2,6,2018,2023,1
Bathinda,Punjab,Punjab,2022,5,39.14210674157303,good,95.7,120.14622068965518,good,97.4,,insufficient,0.0,23.94920634920635,good,93.1,,insufficient,0.0,6.857482614742698,good,96.6,1.0427123287671234,good,98.1,,insufficient,0.0,,insufficient,0.0,,insufficient,0.0,,insufficient,0.0,,insufficient,0.0,,insufficient,0.0,,insufficient,0.0,,insufficient,0.0,,no_data,0.0,,no_data,0.0,,no_data,0.0,,no_data,0.0,,no_data,0.0,,no_data,0.0,,no_data,0.0,,no_data,0.0,,no_data,0.0,,no_data,0.0,,no_data,0.0,,no_data,0.0,,no_data,0.0,,no_data,0.0,tier_2,6,2018,2023,1
Bathinda,Punjab,Punjab,2022,6,26.204727838258165,good,89.3,124.8775192604006,good,90.1,,insufficient,0.0,21.820505952380955,good,93.3,,insufficient,0.0,5.453016344725111,good,93.5,0.8039908256880735,good,90.8,,insufficient,0.0,,insufficient,0.0,,insufficient,0.0,,insufficient,0.0,,insufficient,0.0,,insufficient,0.0,,insufficient,0.0,,insufficient,0.0,,no_data,0.0,,no_data,0.0,,no_data,0.0,,no_data,0.0,,no_data,0.0,,no_data,0.0,,no_data,0.0,,no_data,0.0,,no_data,0.0,,no_data,0.0,,no_data,0.0,,no_data,0.0,,no_data,0.0,,no_data,0.0,tier_2,6,2018,2023,1
Bathinda,Punjab,Punjab,2022,7,10.092807262569833,good,96.2,63.1795467032967,good,97.8,,insufficient,0.0,22.843558106169297,good,93.7,,insufficient,0.0,5.970721220527045,good,96.9,0.38021613832853024,good,93.3,,insufficient,0.0,,insufficient,0.0,,insufficient,0.0,,insufficient,0.0,,insufficient,0.0,,insufficient,0.0,,insufficient,0.0,,insufficient,0.0,,no_data,0.0,,no_data,0.0,,no_data,0.0,,no_data,0.0,,no_data,0.0,,no_data,0.0,,no_data,0.0,,no_data,0.0,,no_data,0.0,,no_data,0.0,,no_data,0.0,,no_data,0.0,,no_data,0.0,,no_data,0.0,tier_2,6,2018,2023,1
Bathinda,Punjab,Punjab,2022,8,10.576133720930232,good,92.5,67.36004451038575,good,90.6,,insufficient,0.9,23.298808777429468,good,85.8,,insufficient,1.6,23.666351791530943,good,82.5,0.903820895522388,good,90.1,,insufficient,0.0,,insufficient,0.9,,insufficient,0.9,,insufficient,0.9,,insufficient,0.0,,insufficient,0.9,,insufficient,0.0,,insufficient,0.9,,no_data,0.0,,no_data,0.0,,no_data,0.0,,no_data,0.0,,no_data,0.0,,no_data,0.0,,no_data,0.0,,no_data,0.0,,no_data,0.0,,no_data,0.0,,no_data,0.0,,no_data,0.0,,no_data,0.0,,no_data,0.0,tier_2,6,2018,2023,1
Bathinda,Punjab,Punjab,2022,9,14.466182634730538,good,92.8,83.61669930069931,good,99.3,,insufficient,0.0,24.474776785714283,good,93.3,,insufficient,0.0,18.850760401721665,good,96.8,1.025071225071225,good,97.5,,insufficient,0.0,,insufficient,0.0,,insufficient,0.0,,insufficient,0.0,,insufficient,0.0,,insufficient,0.0,,insufficient,0.0,,insufficient,0.0,,no_data,0.0,,no_data,0.0,,no_data,0.0,,no_data,0.0,,no_data,0.0,,no_data,0.0,,no_data,0.0,,no_data,0.0,,no_data,0.0,,no_data,0.0,,no_data,0.0,,no_data,0.0,,no_data,0.0,,no_data,0.0,tier_2,6,2018,2023,1
Bathinda,Punjab,Punjab,2022,10,52.1357619047619,good,84.7,148.5286923076923,good,87.4,,insufficient,0.0,22.999382889200565,good,95.8,,insufficient,0.0,31.72408901251739,good,96.6,0.660029197080292,good,92.1,,insufficient,0.0,,insufficient,0.0,,insufficient,0.0,,insufficient,0.0,,insufficient,0.0,,insufficient,0.0,,insufficient,0.0,,insufficient,0.0,,no_data,0.0,,no_data,0.0,,no_data,0.0,,no_data,0.0,,no_data,0.0,,no_data,0.0,,no_data,0.0,,no_data,0.0,,no_data,0.0,,no_data,0.0,,no_data,0.0,,no_data,0.0,,no_data,0.0,,no_data,0.0,tier_2,6,2018,2023,1
Bathinda,Punjab,Punjab,2022,11,78.88396907216494,good,80.8,210.67877551020408,good,81.7,,insufficient,0.0,22.17014836795252,good,93.6,,insufficient,0.0,14.744059829059829,good,97.5,1.1726406926406927,good,96.2,,insufficient,0.0,,insufficient,0.0,,insufficient,0.0,,insufficient,0.0,,insufficient,0.0,,insufficient,0.0,,insufficient,0.0,,insufficient,0.0,,no_data,0.0,,no_data,0.0,,no_data,0.0,,no_data,0.0,,no_data,0.0,,no_data,0.0,,no_data,0.0,,no_data,0.0,,no_data,0.0,,no_data,0.0,,no_data,0.0,,no_data,0.0,,no_data,0.0,,no_data,0.0,tier_2,6,2018,2023,1
Bathinda,Punjab,Punjab,2022,12,54.061236959761544,good,90.2,120.42174880763116,good,84.5,,insufficient,0.0,23.63458904109589,good,78.5,,insufficient,0.1,12.441857923497267,good,98.4,1.5379019073569484,good,98.7,,insufficient,0.0,,insufficient,0.1,,insufficient,0.1,,insufficient,0.1,,insufficient,0.0,,insufficient,0.1,,insufficient,0.0,,insufficient,0.1,,no_data,0.0,,no_data,0.0,,no_data,0.0,,no_data,0.0,,no_data,0.0,,no_data,0.0,,no_data,0.0,,no_data,0.0,,no_data,0.0,,no_data,0.0,,no_data,0.0,,no_data,0.0,,no_data,0.0,,no_data,0.0,tier_2,6,2018,2023,1
Bathinda,Punjab,Punjab,2023,1,50.91417112299465,good,75.4,100.81364653243847,good,60.1,,insufficient,1.5,18.499970674486804,sparse,45.8,,insufficient,22.7,11.366292585170342,good,67.1,1.2859960937500001,good,68.8,,insufficient,0.0,1.0602202643171805,sparse,30.5,189.35119469026546,sparse,30.4,65.9025498007968,sparse,33.7,,insufficient,0.0,67.08828358208955,sparse,36.0,,insufficient,0.5,840.5,sparse,34.0,,no_data,0.0,,no_data,0.0,,no_data,0.0,,no_data,0.0,,no_data,0.0,,no_data,0.0,,no_data,0.0,,no_data,0.0,,no_data,0.0,,no_data,0.0,,no_data,0.0,,no_data,0.0,,no_data,0.0,,no_data,0.0,tier_2,6,2018,2023,1
Bathinda,Punjab,Punjab,2023,2,34.98040783034257,good,91.2,133.05042662116043,good,87.2,14.240263157894736,sparse,45.2,19.79470394736842,sparse,45.2,33.401282051282045,sparse,46.4,12.265898251192368,good,93.6,1.289591836734694,good,94.8,,insufficient,0.0,1.1932182103610673,good,94.8,171.85148969889067,good,93.9,63.03232484076434,good,93.5,,insufficient,0.0,105.084496,good,93.0,,insufficient,0.1,879.1112738853506,good,93.5,,no_data,0.0,,no_data,0.0,,no_data,0.0,,no_data,0.0,,no_data,0.0,,no_data,0.0,,no_data,0.0,,no_data,0.0,,no_data,0.0,,no_data,0.0,,no_data,0.0,,no_data,0.0,,no_data,0.0,,no_data,0.0,tier_2,6,2018,2023,1
Bathinda,Punjab,Punjab,2023,3,28.605815899581593,good,96.4,106.0287417218543,good,81.2,14.873582295988934,good,97.2,19.869944674965424,good,97.2,34.4804979253112,good,97.2,7.333435326842837,good,96.6,0.7038655462184874,good,96.0,,insufficient,0.0,1.196671270718232,good,97.3,166.52129834254143,good,97.3,62.478839779005526,good,97.3,,insufficient,0.0,126.32931428571428,good,94.1,,insufficient,4.0,907.2939640883978,good,97.3,,no_data,0.0,,no_data,0.0,,no_data,0.0,,no_data,0.0,,no_data,0.0,,no_data,0.0,,no_data,0.0,,no_data,0.0,,no_data,0.0,,no_data,0.0,,no_data,0.0,,no_data,0.0,,no_data,0.0,,no_data,0.0,tier_2,6,2018,2023,1
