city,state,state_original,year,month,PM2.5 (ug/m3)_mean,PM2.5 (ug/m3)_flag,PM2.5 (ug/m3)_coverage_pct,PM10 (ug/m3)_mean,PM10 (ug/m3)_flag,PM10 (ug/m3)_coverage_pct,NO (ug/m3)_mean,NO (ug/m3)_flag,NO (ug/m3)_coverage_pct,NO2 (ug/m3)_mean,NO2 (ug/m3)_flag,NO2 (ug/m3)_coverage_pct,NOx (ppb)_mean,NOx (ppb)_flag,NOx (ppb)_coverage_pct,SO2 (ug/m3)_mean,SO2 (ug/m3)_flag,SO2 (ug/m3)_coverage_pct,CO (mg/m3)_mean,CO (mg/m3)_flag,CO (mg/m3)_coverage_pct,NH3 (ug/m3)_mean,NH3 (ug/m3)_flag,NH3 (ug/m3)_coverage_pct,Ozone (ug/m3)_mean,Ozone (ug/m3)_flag,Ozone (ug/m3)_coverage_pct,Benzene (ug/m3)_mean,Benzene (ug/m3)_flag,Benzene (ug/m3)_coverage_pct,WS (m/s)_mean,WS (m/s)_flag,WS (m/s)_coverage_pct,WD (degree)_mean,WD (degree)_flag,WD (degree)_coverage_pct,AT (degree C)_mean,AT (degree C)_flag,AT (degree C)_coverage_pct,Toluene (ug/m3)_mean,Toluene (ug/m3)_flag,Toluene (ug/m3)_coverage_pct,Eth-Benzene (ug/m3)_mean,Eth-Benzene (ug/m3)_flag,Eth-Benzene (ug/m3)_coverage_pct,MP-Xylene (ug/m3)_mean,MP-Xylene (ug/m3)_flag,MP-Xylene (ug/m3)_coverage_pct,O Xylene (ug/m3)_mean,O Xylene (ug/m3)_flag,O Xylene (ug/m3)_coverage_pct,Xylene (ug/m3)_mean,Xylene (ug/m3)_flag,Xylene (ug/m3)_coverage_pct,RH (%)_mean,RH (%)_flag,RH (%)_coverage_pct,SR (W/mt2)_mean,SR (W/mt2)_flag,SR (W/mt2)_coverage_pct,RF (mm)_mean,RF (mm)_flag,RF (mm)_coverage_pct,BP (mmHg)_mean,BP (mmHg)_flag,BP (mmHg)_coverage_pct,CH4 (ug/m3)_mean,CH4 (ug/m3)_flag,CH4 (ug/m3)_coverage_pct,NMHC (ug/m3)_mean,NMHC (ug/m3)_flag,NMHC (ug/m3)_coverage_pct,THC (ug/m3)_mean,THC (ug/m3)_flag,THC (ug/m3)_coverage_pct,CO2 (mg/m3)_mean,CO2 (mg/m3)_flag,CO2 (mg/m3)_coverage_pct,HCHO (ug/m3)_mean,HCHO (ug/m3)_flag,HCHO (ug/m3)_coverage_pct,Hg (ug/m3)_mean,Hg (ug/m3)_flag,Hg (ug/m3)_coverage_pct,SPM (ug/m3)_mean,SPM (ug/m3)_flag,SPM (ug/m3)_coverage_pct,data_quality_tier,actual_data_years,data_first_year,data_last_year,n_stations
Brajrajnagar,Odisha,Odisha,2017,4,,insufficient,0.0,,insufficient,0.0,,insufficient,0.0,,insufficient,0.0,,insufficient,0.0,,insufficient,0.0,,insufficient,0.0,,insufficient,0.0,,insufficient,0.0,,insufficient,0.0,,insufficient,0.0,,insufficient,0.0,,insufficient,0.0,,no_data,0.0,,no_data,0.0,,no_data,0.0,,no_data,0.0,,no_data,0.0,,no_data,0.0,,no_data,0.0,,no_data,0.0,,no_data,0.0,,no_data,0.0,,no_data,0.0,,no_data,0.0,,no_data,0.0,,no_data,0.0,,no_data,0.0,,no_data,0.0,tier_2,7,2017,2023,1
Brajrajnagar,Odisha,Odisha,2017,5,,insufficient,0.0,,insufficient,0.0,,insufficient,0.0,,insufficient,0.0,,insufficient,0.0,,insufficient,0.0,,insufficient,0.0,,insufficient,0.0,,insufficient,0.0,,insufficient,0.0,,insufficient,0.0,,insufficient,0.0,,insufficient,0.0,,no_data,0.0,,no_data,0.0,,no_data,0.0,,no_data,0.0,,no_data,0.0,,no_data,0.0,,no_data,0.0,,no_data,0.0,,no_data,0.0,,no_data,0.0,,no_data,0.0,,no_data,0.0,,no_data,0.0,,no_data,0.0,,no_data,0.0,,no_data,0.0,tier_2,7,2017,2023,1
Brajrajnagar,Odisha,Odisha,2017,6,,insufficient,0.0,,insufficient,0.0,,insufficient,0.0,,insufficient,0.0,,insufficient,0.0,,insufficient,0.0,,insufficient,0.0,,insufficient,0.0,,insufficient,0.0,,insufficient,0.0,,insufficient,0.0,,insufficient,0.0,,insufficient,0.0,,no_data,0.0,,no_data,0.0,,no_data,0.0,,no_data,0.0,,no_data,0.0,,no_data,0.0,,no_data,0.0,,no_data,0.0,,no_data,0.0,,no_data,0.0,,no_data,0.0,,no_data,0.0,,no_data,0.0,,no_data,0.0,,no_data,0.0,,no_data,0.0,tier_2,7,2017,2023,1
Brajrajnagar,Odisha,Odisha,2017,7,,insufficient,0.0,,insufficient,0.0,,insufficient,0.0,,insufficient,0.0,,insufficient,0.0,,insufficient,0.0,,insufficient,0.0,,insufficient,0.0,,insufficient,0.0,,insufficient,0.0,,insufficient,0.0,,insufficient,0.0,,insufficient,0.0,,no_data,0.0,,no_data,0.0,,no_data,0.0,,no_data,0.0,,no_data,0.0,,no_data,0.0,,no_data,0.0,,no_data,0.0,,no_data,0.0,,no_data,0.0,,no_data,0.0,,no_data,0.0,,no_data,0.0,,no_data,0.0,,no_data,0.0,,no_data,0.0,tier_2,7,2017,2023,1
Brajrajnagar,Odisha,Odisha,2017,8,,insufficient,0.0,,insufficient,0.0,,insufficient,0.0,,insufficient,0.0,,insufficient,0.0,,insufficient,0.0,,insufficient,0.0,,insufficient,0.0,,insufficient,0.0,,insufficient,0.0,,insufficient,0.0,,insufficient,0.0,,insufficient,0.0,,no_data,0.0,,no_data,0.0,,no_data,0.0,,no_data,0.0,,no_data,0.0,,no_data,0.0,,no_data,0.0,,no_data,0.0,,no_data,0.0,,no_data,0.0,,no_data,0.0,,no_data,0.0,,no_data,0.0,,no_data,0.0,,no_data,0.0,,no_data,0.0,tier_2,7,2017,2023,1
Brajrajnagar,Odisha,Odisha,2017,9,,insufficient,0.0,,insufficient,0.0,,insufficient,0.0,,insufficient,0.0,,insufficient,0.0,,insufficient,0.0,,insufficient,0.0,,insufficient,0.0,,insufficient,0.0,,insufficient,0.0,,insufficient,0.0,,insufficient,0.0,,insufficient,0.0,,no_data,0.0,,no_data,0.0,,no_data,0.0,,no_data,0.0,,no_data,0.0,,no_data,0.0,,no_data,0.0,,no_data,0.0,,no_data,0.0,,no_data,0.0,,no_data,0.0,,no_data,0.0,,no_data,0.0,,no_data,0.0,,no_data,0.0,,no_data,0.0,tier_2,7,2017,2023,1
Brajrajnagar,Odisha,Odisha,2017,10,,insufficient,0.0,,insufficient,0.0,,insufficient,0.0,,insufficient,0.0,,insufficient,0.0,,insufficient,0.0,,insufficient,0.0,,insufficient,0.0,,insufficient,0.0,,insufficient,0.0,,insufficient,0.0,,insufficient,0.0,,insufficient,0.0,,no_data,0.0,,no_data,0.0,,no_data,0.0,,no_data,0.0,,no_data,0.0,,no_data,0.0,,no_data,0.0,,no_data,0.0,,no_data,0.0,,no_data,0.0,,no_data,0.0,,no_data,0.0,,no_data,0.0,,no_data,0.0,,no_data,0.0,,no_data,0.0,tier_2,7,2017,2023,1
Brajrajnagar,Odisha,Odisha,2017,11,,insufficient,0.0,,insufficient,0.0,,insufficient,0.0,,insufficient,0.0,,insufficient,0.0,,insufficient,0.0,,insufficient,0.0,,insufficient,0.0,,insufficient,0.0,,insufficient,0.0,,insufficient,0.0,,insufficient,0.0,,insufficient,0.0,,no_data,0.0,,no_data,0.0,,no_data,0.0,,no_data,0.0,,no_data,0.0,,no_data,0.0,,no_data,0.0,,no_data,0.0,,no_data,0.0,,no_data,0.0,,no_data,0.0,,no_data,0.0,,no_data,0.0,,no_data,0.0,,no_data,0.0,,no_data,0.0,tier_2,7,2017,2023,1
Brajrajnagar,Odisha,Odisha,2017,12,107.95659574468085,sparse,31.6,168.596,sparse,31.6,,insufficient,8.9,11.128804071246819,good,52.8,,insufficient,18.0,4.11739837398374,sparse,49.6,2.878861788617886,sparse,49.6,8.243063829787234,sparse,31.6,9.141627906976746,sparse,34.7,0.0,sparse,31.6,,insufficient,0.0,,insufficient,0.0,,insufficient,0.0,,no_data,0.0,,no_data,0.0,,no_data,0.0,,no_data,0.0,,no_data,0.0,,no_data,0.0,,no_data,0.0,,no_data,0.0,,no_data,0.0,,no_data,0.0,,no_data,0.0,,no_data,0.0,,no_data,0.0,,no_data,0.0,,no_data,0.0,,no_data,0.0,tier_2,7,2017,2023,1
Brajrajnagar,Odisha,Odisha,2018,1,,insufficient,0.0,,insufficient,0.0,,insufficient,1.9,,insufficient,10.6,,insufficient,2.7,,insufficient,2.7,,insufficient,2.7,,insufficient,0.0,,insufficient,0.1,,insufficient,0.0,,insufficient,0.0,,insufficient,0.0,,insufficient,0.0,,no_data,0.0,,no_data,0.0,,no_data,0.0,,no_data,0.0,,no_data,0.0,,no_data,0.0,,no_data,0.0,,no_data,0.0,,no_data,0.0,,no_data,0.0,,no_data,0.0,,no_data,0.0,,no_data,0.0,,no_data,0.0,,no_data,0.0,,no_data,0.0,tier_2,7,2017,2023,1
Brajrajnagar,Odisha,Odisha,2018,2,96.20996820349761,good,93.6,199.5200953895072,good,93.6,17.321907790143083,good,93.6,26.19685214626391,good,93.6,43.50524642289348,good,93.6,12.007074721780604,good,93.6,4.0962321144674085,good,93.6,10.087837837837839,good,93.6,14.155596184419712,good,93.6,6.640472972972972,sparse,44.0,0.9809740259740259,good,68.8,99.19254452926208,good,58.5,36.59809954751131,good,65.8,,no_data,0.0,,no_data,0.0,,no_data,0.0,,no_data,0.0,,no_data,0.0,,no_data,0.0,,no_data,0.0,,no_data,0.0,,no_data,0.0,,no_data,0.0,,no_data,0.0,,no_data,0.0,,no_data,0.0,,no_data,0.0,,no_data,0.0,,no_data,0.0,tier_2,7,2017,2023,1
Brajrajnagar,Odisha,Odisha,2018,3,122.56231182795698,good,100.0,236.57612903225808,good,100.0,16.33141129032258,good,100.0,29.35283602150538,good,100.0,45.65873655913978,good,100.0,16.807862903225807,good,100.0,4.252043010752688,good,100.0,10.73807795698925,good,100.0,16.126881720430106,good,100.0,0.019852150537634408,good,100.0,0.7549596774193549,good,100.0,141.55287634408603,good,100.0,26.90975806451613,good,100.0,,no_data,0.0,,no_data,0.0,,no_data,0.0,,no_data,0.0,,no_data,0.0,,no_data,0.0,,no_data,0.0,,no_data,0.0,,no_data,0.0,,no_data,0.0,,no_data,0.0,,no_data,0.0,,no_data,0.0,,no_data,0.0,,no_data,0.0,,no_data,0.0,tier_2,7,2017,2023,1
Brajrajnagar,Odisha,Odisha,2018,4,64.95686943620179,good,93.6,144.64692082111438,good,94.7,10.368345534407029,good,94.9,19.112869692532943,good,94.9,29.45944363103953,good,94.9,13.950175695461203,good,94.9,3.5414055636896045,good,94.9,9.378023426061494,good,94.9,20.055519765739383,good,94.9,0.03415812591508053,good,94.9,0.8933821376281114,good,94.9,167.31944363103955,good,94.9,29.802884333821382,good,94.9,,no_data,0.0,,no_data,0.0,,no_data,0.0,,no_data,0.0,,no_data,0.0,,no_data,0.0,,no_data,0.0,,no_data,0.0,,no_data,0.0,,no_data,0.0,,no_data,0.0,,no_data,0.0,,no_data,0.0,,no_data,0.0,,no_data,0.0,,no_data,0.0,tier_2,7,2017,2023,1
Brajrajnagar,Odisha,Odisha,2018,5,54.051139053254445,good,90.9,114.98779883381926,good,92.2,5.041584302325582,good,92.5,16.39328488372093,good,92.5,21.31576811594203,good,92.7,12.802906976744188,good,92.5,3.1215362318840576,good,92.7,7.409738372093023,good,92.5,26.085639534883725,good,92.5,0.18479710144927536,good,92.7,0.9977325581395348,good,92.5,182.93267441860465,good,92.5,31.308822674418607,good,92.5,,no_data,0.0,,no_data,0.0,,no_data,0.0,,no_data,0.0,,no_data,0.0,,no_data,0.0,,no_data,0.0,,no_data,0.0,,no_data,0.0,,no_data,0.0,,no_data,0.0,,no_data,0.0,,no_data,0.0,,no_data,0.0,,no_data,0.0,,no_data,0.0,tier_2,7,2017,2023,1
Brajrajnagar,Odisha,Odisha,2018,6,47.19947284345047,good,86.9,74.77256292906179,good,60.7,4.495261489698891,good,87.6,11.695610142630743,good,87.6,16.180079239302696,good,87.6,12.490950871632329,good,87.6,2.5472266244057056,good,87.6,8.408399366085579,good,87.6,14.118652931854202,good,87.6,2.1453090332805074,good,87.6,0.8167670364500792,good,87.6,208.51393026941363,good,87.6,29.349207606973057,good,87.6,,no_data,0.0,,no_data,0.0,,no_data,0.0,,no_data,0.0,,no_data,0.0,,no_data,0.0,,no_data,0.0,,no_data,0.0,,no_data,0.0,,no_data,0.0,,no_data,0.0,,no_data,0.0,,no_data,0.0,,no_data,0.0,,no_data,0.0,,no_data,0.0,tier_2,7,2017,2023,1
Brajrajnagar,Odisha,Odisha,2018,7,31.844139784946236,good,100.0,53.629310810810814,good,99.5,5.483830645161291,good,100.0,9.375040322580647,good,100.0,14.852083333333335,good,100.0,12.567123655913976,good,100.0,1.4558870967741933,good,100.0,5.1779166666666665,good,100.0,7.668454301075268,good,100.0,0.9985483870967743,good,100.0,0.7785349462365592,good,100.0,215.33278225806455,good,100.0,26.977298387096774,good,100.0,,no_data,0.0,,no_data,0.0,,no_data,0.0,,no_data,0.0,,no_data,0.0,,no_data,0.0,,no_data,0.0,,no_data,0.0,,no_data,0.0,,no_data,0.0,,no_data,0.0,,no_data,0.0,,no_data,0.0,,no_data,0.0,,no_data,0.0,,no_data,0.0,tier_2,7,2017,2023,1
Brajrajnagar,Odisha,Odisha,2018,8,36.285694050991495,good,94.9,59.27284495021337,good,94.5,7.342719546742209,good,94.9,8.01086402266289,good,94.9,15.348541076487251,good,94.9,12.568059490084984,good,94.9,0.07543909348441927,good,94.9,4.369022662889519,good,94.9,5.151558073654391,good,94.9,0.4074645892351275,good,94.9,0.6273937677053824,good,94.9,199.8076487252125,good,94.9,26.639150141643057,good,94.9,,no_data,0.0,,no_data,0.0,,no_data,0.0,,no_data,0.0,,no_data,0.0,,no_data,0.0,,no_data,0.0,,no_data,0.0,,no_data,0.0,,no_data,0.0,,no_data,0.0,,no_data,0.0,,no_data,0.0,,no_data,0.0,,no_data,0.0,,no_data,0.0,tier_2,7,2017,2023,1
Brajrajnagar,Odisha,Odisha,2018,9,,insufficient,0.0,,insufficient,0.0,,insufficient,0.0,,insufficient,0.0,,insufficient,0.0,,insufficient,0.0,,insufficient,0.0,,insufficient,0.0,,insufficient,0.0,,insufficient,0.0,,insufficient,0.0,,insufficient,0.0,,insufficient,0.0,,no_data,0.0,,no_data,0.0,,no_data,0.0,,no_data,0.0,,no_data,0.0,,no_data,0.0,,no_data,0.0,,no_data,0.0,,no_data,0.0,,no_data,0.0,,no_data,0.0,,no_data,0.0,,no_data,0.0,,no_data,0.0,,no_data,0.0,,no_data,0.0,tier_2,7,2017,2023,1
Brajrajnagar,Odisha,Odisha,2018,10,,insufficient,4.4,114.5571264367816,sparse,46.8,15.085358166189112,sparse,46.9,16.766475644699142,sparse,46.9,26.231314285714284,sparse,47.0,12.906371428571427,sparse,47.0,0.4431714285714286,sparse,47.0,12.271690544412607,sparse,46.9,8.672865329512893,sparse,46.9,0.4986,sparse,47.0,0.5893714285714287,sparse,47.0,132.5429142857143,sparse,47.0,24.021571428571427,sparse,47.0,,no_data,0.0,,no_data,0.0,,no_data,0.0,,no_data,0.0,,no_data,0.0,,no_data,0.0,,no_data,0.0,,no_data,0.0,,no_data,0.0,,no_data,0.0,,no_data,0.0,,no_data,0.0,,no_data,0.0,,no_data,0.0,,no_data,0.0,,no_data,0.0,tier_2,7,2017,2023,1
Brajrajnagar,Odisha,Odisha,2018,11,88.18265671641791,sparse,46.5,134.37035608308605,sparse,46.8,21.209088235294114,sparse,47.2,23.019764705882352,sparse,47.2,33.927588235294124,sparse,47.2,13.403323529411765,sparse,47.2,0.6524117647058824,sparse,47.2,12.687823529411764,sparse,47.2,9.532823529411765,sparse,47.2,0.7630588235294116,sparse,47.2,0.5975588235294118,sparse,47.2,132.03688235294118,sparse,47.2,22.838529411764707,sparse,47.2,,no_data,0.0,,no_data,0.0,,no_data,0.0,,no_data,0.0,,no_data,0.0,,no_data,0.0,,no_data,0.0,,no_data,0.0,,no_data,0.0,,no_data,0.0,,no_data,0.0,,no_data,0.0,,no_data,0.0,,no_data,0.0,,no_data,0.0,,no_data,0.0,tier_2,7,2017,2023,1
Brajrajnagar,Odisha,Odisha,2018,12,94.14001655629137,good,81.2,151.52814029363785,good,82.4,21.690709779179812,good,85.2,20.49058451816746,good,85.1,37.49844339622641,good,85.5,13.911782334384858,good,85.2,1.7290880503144654,good,85.5,51.98899053627761,good,85.2,6.846840442338071,good,85.1,19.475157232704404,good,85.5,0.5117823343848581,good,85.2,121.9802523659306,good,85.2,16.688138801261832,good,85.2,,no_data,0.0,,no_data,0.0,,no_data,0.0,,no_data,0.0,,no_data,0.0,,no_data,0.0,,no_data,0.0,,no_data,0.0,,no_data,0.0,,no_data,0.0,,no_data,0.0,,no_data,0.0,,no_data,0.0,,no_data,0.0,,no_data,0.0,,no_data,0.0,tier_2,7,2017,2023,1
Brajrajnagar,Odisha,Odisha,2019,1,111.29180349932705,good,99.9,176.34763440860218,good,100.0,21.079824797843663,good,99.7,25.95867924528302,good,99.7,42.40317204301075,good,100.0,15.99644204851752,good,99.7,3.0798387096774187,good,100.0,50.06142857142857,good,99.7,7.728099730458221,good,99.7,3.958131720430107,good,100.0,0.5059408602150537,good,100.0,129.13379032258064,good,100.0,16.674959677419356,good,100.0,,no_data,0.0,,no_data,0.0,,no_data,0.0,,no_data,0.0,,no_data,0.0,,no_data,0.0,,no_data,0.0,,no_data,0.0,,no_data,0.0,,no_data,0.0,,no_data,0.0,,no_data,0.0,,no_data,0.0,,no_data,0.0,,no_data,0.0,,no_data,0.0,tier_2,7,2017,2023,1
Brajrajnagar,Odisha,Odisha,2019,2,92.60512422360247,good,95.8,164.5117027863777,good,96.1,20.420412844036697,good,97.3,23.523715596330273,good,97.3,38.83067278287462,good,97.3,16.248379204892966,good,97.3,3.2372018348623857,good,97.3,43.70631498470948,good,97.3,9.383975535168195,good,97.3,0.0,good,97.3,0.5473394495412844,good,97.3,157.74715596330276,good,97.3,20.979525993883794,good,97.3,,no_data,0.0,,no_data,0.0,,no_data,0.0,,no_data,0.0,,no_data,0.0,,no_data,0.0,,no_data,0.0,,no_data,0.0,,no_data,0.0,,no_data,0.0,,no_data,0.0,,no_data,0.0,,no_data,0.0,,no_data,0.0,,no_data,0.0,,no_data,0.0,tier_2,7,2017,2023,1
Brajrajnagar,Odisha,Odisha,2019,3,84.89168741355464,good,97.2,156.82720770288856,good,97.7,16.962024291497976,good,99.6,20.155856950067477,good,99.6,31.67165991902834,good,99.6,7.094035087719298,good,99.6,2.889365721997301,good,99.6,51.779703103913626,good,99.6,11.117206477732791,good,99.6,0.0,good,99.6,0.5597975708502024,good,99.6,186.72958164642375,good,99.6,25.19968960863698,good,99.6,,no_data,0.0,,no_data,0.0,,no_data,0.0,,no_data,0.0,,no_data,0.0,,no_data,0.0,,no_data,0.0,,no_data,0.0,,no_data,0.0,,no_data,0.0,,no_data,0.0,,no_data,0.0,,no_data,0.0,,no_data,0.0,,no_data,0.0,,no_data,0.0,tier_2,7,2017,2023,1
Brajrajnagar,Odisha,Odisha,2019,4,88.23136986301371,sparse,40.6,165.42792048929667,sparse,45.4,17.496549520766774,sparse,43.5,22.051437699680513,sparse,43.5,30.70534682080925,sparse,48.1,8.065431309904154,sparse,43.5,2.333699421965318,sparse,48.1,61.05182108626198,sparse,43.5,14.873322683706071,sparse,43.5,0.0,sparse,48.1,0.7128612716763006,sparse,48.1,210.34927745664743,sparse,48.1,30.87708092485549,sparse,48.1,,no_data,0.0,,no_data,0.0,,no_data,0.0,,no_data,0.0,,no_data,0.0,,no_data,0.0,,no_data,0.0,,no_data,0.0,,no_data,0.0,,no_data,0.0,,no_data,0.0,,no_data,0.0,,no_data,0.0,,no_data,0.0,,no_data,0.0,,no_data,0.0,tier_2,7,2017,2023,1
Brajrajnagar,Odisha,Odisha,2019,5,57.717680890538034,good,72.4,127.17477917981073,good,85.2,15.029047619047619,sparse,42.3,19.135396825396825,sparse,42.3,12.526937321937321,good,94.4,6.8774999999999995,sparse,42.5,1.2333333333333332,good,94.4,54.31297468354431,sparse,42.5,18.774285714285718,sparse,42.3,0.0,good,94.4,0.7719658119658119,good,94.4,210.72954415954413,good,94.4,32.811809116809115,good,94.4,,no_data,0.0,,no_data,0.0,,no_data,0.0,,no_data,0.0,,no_data,0.0,,no_data,0.0,,no_data,0.0,,no_data,0.0,,no_data,0.0,,no_data,0.0,,no_data,0.0,,no_data,0.0,,no_data,0.0,,no_data,0.0,,no_data,0.0,,no_data,0.0,tier_2,7,2017,2023,1
Brajrajnagar,Odisha,Odisha,2019,6,35.06442666666667,good,52.1,67.82307692307693,good,72.2,7.629141531322506,good,59.9,15.117510204081633,good,68.1,11.68723404255319,good,91.4,4.544786150712832,good,68.2,1.676018237082067,good,91.4,37.15754098360656,good,67.8,17.045938775510205,good,68.1,3.424398782343988,good,91.2,0.7078419452887538,good,91.4,229.0338449848024,good,91.4,31.302948328267483,good,91.4,,no_data,0.0,,no_data,0.0,,no_data,0.0,,no_data,0.0,,no_data,0.0,,no_data,0.0,,no_data,0.0,,no_data,0.0,,no_data,0.0,,no_data,0.0,,no_data,0.0,,no_data,0.0,,no_data,0.0,,no_data,0.0,,no_data,0.0,,no_data,0.0,tier_2,7,2017,2023,1
Brajrajnagar,Odisha,Odisha,2019,7,22.0106191369606,good,71.6,45.406211180124224,good,86.6,5.500552486187845,good,73.0,11.399634551495016,good,80.9,8.758786206896552,good,97.4,2.3597346600331677,good,81.0,1.527107438016529,good,97.6,49.35349914236707,good,78.4,8.30641791044776,good,81.0,1.9984159779614323,good,97.6,0.5545867768595041,good,97.6,249.20805785123966,good,97.6,27.31271349862259,good,97.6,,no_data,0.0,,no_data,0.0,,no_data,0.0,,no_data,0.0,,no_data,0.0,,no_data,0.0,,no_data,0.0,,no_data,0.0,,no_data,0.0,,no_data,0.0,,no_data,0.0,,no_data,0.0,,no_data,0.0,,no_data,0.0,,no_data,0.0,,no_data,0.0,tier_2,7,2017,2023,1
Brajrajnagar,Odisha,Odisha,2019,8,27.753670520231214,sparse,46.5,52.48011820330969,good,56.9,6.633306772908367,good,67.5,9.156238859180036,good,75.4,9.068967136150235,good,85.9,4.780857664233577,good,73.7,1.696776212832551,good,85.9,54.942927756653994,good,70.7,5.4622103386809275,good,75.4,0.4329483282674772,good,88.4,0.7772769953051643,good,85.9,224.716744913928,good,85.9,26.562284820031298,good,85.9,,no_data,0.0,,no_data,0.0,,no_data,0.0,,no_data,0.0,,no_data,0.0,,no_data,0.0,,no_data,0.0,,no_data,0.0,,no_data,0.0,,no_data,0.0,,no_data,0.0,,no_data,0.0,,no_data,0.0,,no_data,0.0,,no_data,0.0,,no_data,0.0,tier_2,7,2017,2023,1
Brajrajnagar,Odisha,Odisha,2019,9,23.985816666666665,good,83.3,49.160624024960995,good,89.0,6.303978102189781,good,76.1,9.141202749140893,good,80.8,7.6222081575246134,good,98.8,9.706752136752137,good,81.2,1.60617110799439,good,99.0,27.110753424657535,good,81.1,4.765641025641026,good,81.2,0.8286115007012622,good,99.0,0.5603085553997195,good,99.0,196.57960729312765,good,99.0,26.540981767180927,good,99.0,,no_data,0.0,,no_data,0.0,,no_data,0.0,,no_data,0.0,,no_data,0.0,,no_data,0.0,,no_data,0.0,,no_data,0.0,,no_data,0.0,,no_data,0.0,,no_data,0.0,,no_data,0.0,,no_data,0.0,,no_data,0.0,,no_data,0.0,,no_data,0.0,tier_2,7,2017,2023,1
Brajrajnagar,Odisha,Odisha,2019,10,37.073490401396164,good,77.0,78.09552542372882,good,79.3,7.3537078651685395,good,71.8,9.446479128856625,good,74.1,10.030701754385966,good,84.3,8.68616636528029,good,74.3,1.848309409888357,good,84.3,42.32269927536231,good,74.2,5.002567811934901,good,74.3,0.6705741626794258,good,84.3,0.46846889952153115,good,84.3,153.50414673046254,good,84.3,24.919665071770336,good,84.3,,no_data,0.0,,no_data,0.0,,no_data,0.0,,no_data,0.0,,no_data,0.0,,no_data,0.0,,no_data,0.0,,no_data,0.0,,no_data,0.0,,no_data,0.0,,no_data,0.0,,no_data,0.0,,no_data,0.0,,no_data,0.0,,no_data,0.0,,no_data,0.0,tier_2,7,2017,2023,1
Brajrajnagar,Odisha,Odisha,2019,11,72.20657853810265,good,89.3,156.9437364341085,good,89.6,16.653155258764606,good,83.2,12.215833333333334,good,83.3,19.21454802259887,good,98.3,12.870331125827816,good,83.9,0.9000141242937854,good,98.3,59.25205479452055,good,81.1,6.474036544850499,good,83.6,0.28456214689265535,good,98.3,0.41802259887005655,good,98.3,135.36765536723163,good,98.3,21.364194915254238,good,98.3,,no_data,0.0,,no_data,0.0,,no_data,0.0,,no_data,0.0,,no_data,0.0,,no_data,0.0,,no_data,0.0,,no_data,0.0,,no_data,0.0,,no_data,0.0,,no_data,0.0,,no_data,0.0,,no_data,0.0,,no_data,0.0,,no_data,0.0,,no_data,0.0,tier_2,7,2017,2023,1
Brajrajnagar,Odisha,Odisha,2019,12,67.67428184281843,good,99.2,136.040135501355,good,99.2,23.329702970297028,good,81.5,18.455544554455443,good,81.5,28.3149593495935,good,99.2,8.947376237623763,good,81.5,0.7400135501355013,good,99.2,63.48654424040067,good,80.5,16.80539603960396,good,81.5,72.75532751091704,good,92.3,0.4664769647696477,good,99.2,130.804972899729,good,99.2,18.237953929539295,good,99.2,,no_data,0.0,,no_data,0.0,,no_data,0.0,,no_data,0.0,,no_data,0.0,,no_data,0.0,,no_data,0.0,,no_data,0.0,,no_data,0.0,,no_data,0.0,,no_data,0.0,,no_data,0.0,,no_data,0.0,,no_data,0.0,,no_data,0.0,,no_data,0.0,tier_2,7,2017,2023,1
Brajrajnagar,Odisha,Odisha,2020,1,72.81699074074074,good,87.1,137.30876543209874,good,87.1,24.557514970059877,good,89.8,18.297784431137725,good,89.8,31.748923283983846,good,99.9,4.862155688622755,good,89.8,1.0431628532974426,good,99.9,63.46007485029941,good,89.8,29.381122754491024,good,89.8,4.913512786002692,good,99.9,0.4864602960969045,good,99.9,140.60261103633914,good,99.9,17.703795423956933,good,99.9,,no_data,0.0,,no_data,0.0,,no_data,0.0,,no_data,0.0,,no_data,0.0,,no_data,0.0,,no_data,0.0,,no_data,0.0,,no_data,0.0,,no_data,0.0,,no_data,0.0,,no_data,0.0,,no_data,0.0,,no_data,0.0,,no_data,0.0,,no_data,0.0,tier_2,7,2017,2023,1
Brajrajnagar,Odisha,Odisha,2020,2,67.9431170886076,good,90.8,142.93370429252784,good,90.4,15.783276661514682,good,93.0,20.803899082568808,good,94.0,27.249338129496405,good,99.9,5.653883792048929,good,94.0,0.1900575539568345,good,99.9,71.1167737003058,good,94.0,32.690168195718655,good,94.0,0.9398561151079138,good,99.9,0.5417841726618704,good,99.9,155.14945323741006,good,99.9,18.924589928057554,good,99.9,,no_data,0.0,,no_data,0.0,,no_data,0.0,,no_data,0.0,,no_data,0.0,,no_data,0.0,,no_data,0.0,,no_data,0.0,,no_data,0.0,,no_data,0.0,,no_data,0.0,,no_data,0.0,,no_data,0.0,,no_data,0.0,,no_data,0.0,,no_data,0.0,tier_2,7,2017,2023,1
Brajrajnagar,Odisha,Odisha,2020,3,68.9257980456026,sparse,41.3,114.0020814479638,good,59.4,17.37790273556231,sparse,44.2,11.172108626198083,sparse,42.1,17.809518072289155,good,55.8,4.188000000000001,good,57.1,0.17512720156555772,good,68.7,58.1696705882353,good,57.1,47.6311294117647,good,57.1,0.2825440313111546,good,68.7,0.695655577299413,good,68.7,171.12544031311157,good,68.7,24.365166340508807,good,68.7,,no_data,0.0,,no_data,0.0,,no_data,0.0,,no_data,0.0,,no_data,0.0,,no_data,0.0,,no_data,0.0,,no_data,0.0,,no_data,0.0,,no_data,0.0,,no_data,0.0,,no_data,0.0,,no_data,0.0,,no_data,0.0,,no_data,0.0,,no_data,0.0,tier_2,7,2017,2023,1
Brajrajnagar,Odisha,Odisha,2020,4,62.46057046979866,good,82.8,140.38033444816054,good,83.1,,insufficient,1.1,,insufficient,0.0,2.4640566037735847,good,58.9,4.6850578512396694,good,84.0,0.345182119205298,good,83.9,61.854352331606215,sparse,26.8,63.60233160621762,sparse,26.8,0.11502479338842976,good,84.0,0.8799008264462811,good,84.0,167.96303776683087,good,84.6,28.145239669421493,good,84.0,,no_data,0.0,,no_data,0.0,,no_data,0.0,,no_data,0.0,,no_data,0.0,,no_data,0.0,,no_data,0.0,,no_data,0.0,,no_data,0.0,,no_data,0.0,,no_data,0.0,,no_data,0.0,,no_data,0.0,,no_data,0.0,,no_data,0.0,,no_data,0.0,tier_2,7,2017,2023,1
Brajrajnagar,Odisha,Odisha,2020,5,49.08810631229236,sparse,40.5,110.18491408934709,sparse,39.1,,insufficient,4.2,,insufficient,4.6,13.963624454148471,sparse,30.8,,insufficient,10.8,0.4218944099378882,sparse,43.3,,insufficient,17.2,67.97253333333333,sparse,40.3,0.04217391304347827,sparse,43.3,0.9498136645962733,sparse,43.3,163.17913043478262,sparse,43.3,29.348571428571432,sparse,43.3,,no_data,0.0,,no_data,0.0,,no_data,0.0,,no_data,0.0,,no_data,0.0,,no_data,0.0,,no_data,0.0,,no_data,0.0,,no_data,0.0,,no_data,0.0,,no_data,0.0,,no_data,0.0,,no_data,0.0,,no_data,0.0,,no_data,0.0,,no_data,0.0,tier_2,7,2017,2023,1
Brajrajnagar,Odisha,Odisha,2020,6,,insufficient,21.4,,insufficient,20.4,,insufficient,10.8,,insufficient,10.8,8.18908163265306,sparse,27.2,6.713500000000001,sparse,25.0,0.4904081632653061,sparse,27.2,,insufficient,11.7,35.97357894736842,sparse,26.4,0.0,sparse,27.2,0.6962755102040816,sparse,27.2,141.97739795918366,sparse,27.2,28.043877551020405,sparse,27.2,,no_data,0.0,,no_data,0.0,,no_data,0.0,,no_data,0.0,,no_data,0.0,,no_data,0.0,,no_data,0.0,,no_data,0.0,,no_data,0.0,,no_data,0.0,,no_data,0.0,,no_data,0.0,,no_data,0.0,,no_data,0.0,,no_data,0.0,,no_data,0.0,tier_2,7,2017,2023,1
Brajrajnagar,Odisha,Odisha,2020,7,21.10809523809524,good,56.5,47.56053738317757,good,57.5,5.992031602708803,good,59.5,5.396027088036117,good,59.5,11.37939051918736,good,59.5,10.070112866817155,good,59.5,0.15011286681715574,good,59.5,,insufficient,19.6,20.983182844243792,good,59.5,0.0,good,59.5,0.664040632054176,good,59.5,149.05792325056433,good,59.5,27.70697516930022,good,59.5,,no_data,0.0,,no_data,0.0,,no_data,0.0,,no_data,0.0,,no_data,0.0,,no_data,0.0,,no_data,0.0,,no_data,0.0,,no_data,0.0,,no_data,0.0,,no_data,0.0,,no_data,0.0,,no_data,0.0,,no_data,0.0,,no_data,0.0,,no_data,0.0,tier_2,7,2017,2023,1
Brajrajnagar,Odisha,Odisha,2020,8,28.87990494296578,good,70.7,48.15494360902256,good,71.5,5.989449378330373,good,75.7,5.3837477797513325,good,75.7,10.960136986301372,good,78.5,9.670273972602741,good,78.5,0.22736301369863013,good,78.5,,insufficient,0.0,14.562780656303973,good,77.8,0.0,good,78.5,0.8989897260273972,good,78.5,164.2041780821918,good,78.5,26.735547945205475,good,78.5,,no_data,0.0,,no_data,0.0,,no_data,0.0,,no_data,0.0,,no_data,0.0,,no_data,0.0,,no_data,0.0,,no_data,0.0,,no_data,0.0,,no_data,0.0,,no_data,0.0,,no_data,0.0,,no_data,0.0,,no_data,0.0,,no_data,0.0,,no_data,0.0,tier_2,7,2017,2023,1
Brajrajnagar,Odisha,Odisha,2020,9,46.88587686567165,good,74.4,78.91312030075187,good,73.9,5.856506469500924,good,75.1,6.948024054982818,good,80.8,12.239812286689421,good,81.4,12.48278156996587,good,81.4,0.5571936056838367,good,78.2,6.504271844660194,good,57.2,16.05085324232082,good,81.4,0.0,good,81.4,0.7324744027303755,good,81.4,188.42213310580203,good,81.4,27.59230375426621,good,81.4,,no_data,0.0,,no_data,0.0,,no_data,0.0,,no_data,0.0,,no_data,0.0,,no_data,0.0,,no_data,0.0,,no_data,0.0,,no_data,0.0,,no_data,0.0,,no_data,0.0,,no_data,0.0,,no_data,0.0,,no_data,0.0,,no_data,0.0,,no_data,0.0,tier_2,7,2017,2023,1
Brajrajnagar,Odisha,Odisha,2020,10,50.75012704174229,good,74.1,89.9546823956443,good,74.1,7.121221640488656,good,77.0,11.140558464223384,good,77.0,18.251849912739964,good,77.0,11.062547993019198,good,77.0,0.7313961605584642,good,77.0,5.9952006980802794,good,77.0,24.247102966841187,good,77.0,0.0,good,77.0,0.7947993019197208,good,77.0,230.6362062937063,good,76.9,26.105619546247823,good,77.0,,no_data,0.0,,no_data,0.0,,no_data,0.0,,no_data,0.0,,no_data,0.0,,no_data,0.0,,no_data,0.0,,no_data,0.0,,no_data,0.0,,no_data,0.0,,no_data,0.0,,no_data,0.0,,no_data,0.0,,no_data,0.0,,no_data,0.0,,no_data,0.0,tier_2,7,2017,2023,1
Brajrajnagar,Odisha,Odisha,2020,11,72.60510263929619,good,94.7,127.24797950219619,good,94.9,11.993362831858407,good,78.5,13.053450704225352,good,78.9,20.14669603524229,good,94.6,11.731617210682492,good,93.6,1.0489473684210526,good,95.0,10.150601769911505,good,78.5,31.855219298245615,good,95.0,0.0,good,95.0,0.8332602339181288,good,95.0,239.04767543859646,good,95.0,22.00266081871345,good,95.0,,no_data,0.0,,no_data,0.0,,no_data,0.0,,no_data,0.0,,no_data,0.0,,no_data,0.0,,no_data,0.0,,no_data,0.0,,no_data,0.0,,no_data,0.0,,no_data,0.0,,no_data,0.0,,no_data,0.0,,no_data,0.0,,no_data,0.0,,no_data,0.0,tier_2,7,2017,2023,1
Brajrajnagar,Odisha,Odisha,2020,12,87.71640173410404,good,93.0,164.83891618497108,good,93.0,13.88686416184971,good,93.0,10.306589595375723,good,93.0,24.193236994219657,good,93.0,23.649956647398845,good,93.0,1.3073988439306359,good,93.0,9.954797687861271,good,93.0,36.8003323699422,good,93.0,0.0,good,93.0,0.7351011560693641,good,93.0,239.52572254335257,good,93.0,18.783323699421967,good,93.0,,no_data,0.0,,no_data,0.0,,no_data,0.0,,no_data,0.0,,no_data,0.0,,no_data,0.0,,no_data,0.0,,no_data,0.0,,no_data,0.0,,no_data,0.0,,no_data,0.0,,no_data,0.0,,no_data,0.0,,no_data,0.0,,no_data,0.0,,no_data,0.0,tier_2,7,2017,2023,1
Brajrajnagar,Odisha,Odisha,2021,1,77.16783045977012,good,93.5,145.97433908045977,good,93.5,14.739785100286534,good,93.8,11.645021520803443,good,93.7,26.36489971346705,good,93.8,28.695444126074495,good,93.8,1.5400859598853869,good,93.8,10.658739255014325,good,93.8,39.875544412607454,good,93.8,0.03858166189111749,good,93.8,0.8349856733524356,good,93.8,231.27448424068768,good,93.8,19.576602870813396,good,84.3,,no_data,0.0,,no_data,0.0,,no_data,0.0,,no_data,0.0,,no_data,0.0,,no_data,0.0,,no_data,0.0,,no_data,0.0,,no_data,0.0,,no_data,0.0,,no_data,0.0,,no_data,0.0,,no_data,0.0,,no_data,0.0,,no_data,0.0,,no_data,0.0,tier_2,7,2017,2023,1
Brajrajnagar,Odisha,Odisha,2021,2,62.79647302904564,sparse,35.9,134.09260299625467,good,79.5,18.4831550802139,good,83.5,12.020856610800747,good,79.9,30.605204991087337,good,83.5,25.436964618249533,good,79.9,1.4755080213903744,good,83.5,17.716327985739753,good,83.5,37.46921568627451,good,83.5,0.03893048128342246,good,83.5,0.7553119429590018,good,83.5,206.55589285714282,good,83.3,20.59675579322638,good,83.5,,no_data,0.0,,no_data,0.0,,no_data,0.0,,no_data,0.0,,no_data,0.0,,no_data,0.0,,no_data,0.0,,no_data,0.0,,no_data,0.0,,no_data,0.0,,no_data,0.0,,no_data,0.0,,no_data,0.0,,no_data,0.0,,no_data,0.0,,no_data,0.0,tier_2,7,2017,2023,1
Brajrajnagar,Odisha,Odisha,2021,3,49.51209653092007,good,89.1,93.86447075208913,good,96.5,27.438892086330934,good,93.4,22.294848046309692,good,92.9,42.68445366528354,good,97.2,24.438022284122564,good,96.5,1.391258644536653,good,97.2,22.171107913669065,good,93.4,47.463864942528744,good,93.5,0.7530013831258644,good,97.2,0.7664315352697096,good,97.2,202.49112033195024,good,97.2,26.97586445366528,good,97.2,,no_data,0.0,,no_data,0.0,,no_data,0.0,,no_data,0.0,,no_data,0.0,,no_data,0.0,,no_data,0.0,,no_data,0.0,,no_data,0.0,,no_data,0.0,,no_data,0.0,,no_data,0.0,,no_data,0.0,,no_data,0.0,,no_data,0.0,,no_data,0.0,tier_2,7,2017,2023,1
Brajrajnagar,Odisha,Odisha,2021,4,35.389284497444635,good,81.5,87.88475298126066,good,81.5,22.780936329588016,good,74.2,20.81598837209302,good,71.7,38.41732538330494,good,81.5,12.75345890410959,good,81.1,1.368381601362862,good,81.5,22.390024691358025,good,56.2,44.8026116838488,good,80.8,1.5623339011925044,good,81.5,0.8049063032367973,good,81.5,183.4374787052811,good,81.5,30.331379897785343,good,81.5,,no_data,0.0,,no_data,0.0,,no_data,0.0,,no_data,0.0,,no_data,0.0,,no_data,0.0,,no_data,0.0,,no_data,0.0,,no_data,0.0,,no_data,0.0,,no_data,0.0,,no_data,0.0,,no_data,0.0,,no_data,0.0,,no_data,0.0,,no_data,0.0,tier_2,7,2017,2023,1
Brajrajnagar,Odisha,Odisha,2021,5,17.772004175365346,good,64.4,45.67580246913581,good,65.3,8.091544885177452,good,64.4,11.013255208333334,good,51.6,13.391050328227571,good,61.4,13.538914405010438,good,64.4,1.119591836734694,good,65.9,21.287098121085595,good,64.4,23.491740976645435,good,63.3,0.2463265306122449,good,65.9,1.161204081632653,good,65.9,197.43965306122448,good,65.9,29.63175510204082,good,65.9,,no_data,0.0,,no_data,0.0,,no_data,0.0,,no_data,0.0,,no_data,0.0,,no_data,0.0,,no_data,0.0,,no_data,0.0,,no_data,0.0,,no_data,0.0,,no_data,0.0,,no_data,0.0,,no_data,0.0,,no_data,0.0,,no_data,0.0,,no_data,0.0,tier_2,7,2017,2023,1
Brajrajnagar,Odisha,Odisha,2021,6,16.191017699115044,good,62.8,41.78336776859504,good,67.2,2.943920972644377,sparse,45.7,35.021094224924006,sparse,45.7,11.259060000000002,good,69.4,30.699452054794524,sparse,30.4,0.67864,good,69.4,6.758558139534885,sparse,29.9,18.97484126984127,good,52.5,0.04616000000000001,good,69.4,1.0739,good,69.4,162.9267,good,69.4,28.18588,good,69.4,,no_data,0.0,,no_data,0.0,,no_data,0.0,,no_data,0.0,,no_data,0.0,,no_data,0.0,,no_data,0.0,,no_data,0.0,,no_data,0.0,,no_data,0.0,,no_data,0.0,,no_data,0.0,,no_data,0.0,,no_data,0.0,,no_data,0.0,,no_data,0.0,tier_2,7,2017,2023,1
Brajrajnagar,Odisha,Odisha,2021,7,10.135614754098361,good,65.6,25.50465034965035,good,76.9,2.5657885615251295,good,77.6,54.72358752166378,good,77.6,13.660874785591767,good,78.4,25.392898799313897,good,78.4,1.3933104631217839,good,78.4,,insufficient,22.2,7.610201207243461,good,66.8,0.08485420240137223,good,78.4,1.3641995841995842,good,64.7,179.79581249999998,good,64.5,27.335060034305318,good,78.4,,no_data,0.0,,no_data,0.0,,no_data,0.0,,no_data,0.0,,no_data,0.0,,no_data,0.0,,no_data,0.0,,no_data,0.0,,no_data,0.0,,no_data,0.0,,no_data,0.0,,no_data,0.0,,no_data,0.0,,no_data,0.0,,no_data,0.0,,no_data,0.0,tier_2,7,2017,2023,1
Brajrajnagar,Odisha,Odisha,2021,8,12.262434782608697,good,61.8,29.64741666666667,good,64.5,3.35521649484536,good,65.2,4.518061855670103,good,65.2,7.875876288659795,good,65.2,27.70379381443299,good,65.2,0.8835051546391752,good,65.2,7.515670103092785,good,65.2,12.371793814432989,good,65.2,0.08321649484536082,good,65.2,,insufficient,6.2,,insufficient,5.2,27.45049484536083,good,65.2,,no_data,0.0,,no_data,0.0,,no_data,0.0,,no_data,0.0,,no_data,0.0,,no_data,0.0,,no_data,0.0,,no_data,0.0,,no_data,0.0,,no_data,0.0,,no_data,0.0,,no_data,0.0,,no_data,0.0,,no_data,0.0,,no_data,0.0,,no_data,0.0,tier_2,7,2017,2023,1
Brajrajnagar,Odisha,Odisha,2021,9,,insufficient,24.4,23.048223844282237,good,57.1,3.8497841726618707,good,57.9,5.140000000000001,good,57.9,8.999544364508393,good,57.9,25.973405275779378,good,57.9,0.8709352517985611,good,57.9,7.068848920863311,good,57.9,1.779831730769231,good,57.8,0.0,good,57.9,,insufficient,19.9,,insufficient,7.1,27.063525179856114,good,57.9,,no_data,0.0,,no_data,0.0,,no_data,0.0,,no_data,0.0,,no_data,0.0,,no_data,0.0,,no_data,0.0,,no_data,0.0,,no_data,0.0,,no_data,0.0,,no_data,0.0,,no_data,0.0,,no_data,0.0,,no_data,0.0,,no_data,0.0,,no_data,0.0,tier_2,7,2017,2023,1
Brajrajnagar,Odisha,Odisha,2021,10,,insufficient,8.6,48.68217241379311,good,78.0,4.099223484848485,good,71.0,5.519848484848485,good,71.0,8.62509337860781,good,79.2,33.292461799660444,good,79.2,0.8853650254668931,good,79.2,8.053598484848484,good,71.0,27.966558773424197,good,78.9,0.0,good,79.2,,insufficient,16.8,,insufficient,15.7,25.659660441426148,good,79.2,,no_data,0.0,,no_data,0.0,,no_data,0.0,,no_data,0.0,,no_data,0.0,,no_data,0.0,,no_data,0.0,,no_data,0.0,,no_data,0.0,,no_data,0.0,,no_data,0.0,,no_data,0.0,,no_data,0.0,,no_data,0.0,,no_data,0.0,,no_data,0.0,tier_2,7,2017,2023,1
Brajrajnagar,Odisha,Odisha,2021,11,31.693486529318537,good,87.6,65.29513556618821,good,87.1,8.534129746835443,good,87.8,11.796360759493673,good,87.8,20.345253164556958,good,87.8,29.847626582278476,good,87.8,0.9081487341772151,good,87.8,20.020806962025315,good,87.8,43.62569841269842,good,87.5,0.0,good,87.8,,insufficient,9.9,0.4194907407407407,sparse,30.0,21.798243670886077,good,87.8,,no_data,0.0,,no_data,0.0,,no_data,0.0,,no_data,0.0,,no_data,0.0,,no_data,0.0,,no_data,0.0,,no_data,0.0,,no_data,0.0,,no_data,0.0,,no_data,0.0,,no_data,0.0,,no_data,0.0,,no_data,0.0,,no_data,0.0,,no_data,0.0,tier_2,7,2017,2023,1
Brajrajnagar,Odisha,Odisha,2021,12,33.83230145867099,good,82.9,69.95258536585365,good,82.7,13.612374798061385,good,83.2,18.53237479806139,good,83.2,32.09344103392568,good,83.2,27.127544426494342,good,83.2,0.9607592891760905,good,83.2,29.29936995153473,good,83.2,40.12780844155845,good,82.8,0.0,good,83.2,,insufficient,8.7,,insufficient,8.2,18.387334410339257,good,83.2,,no_data,0.0,,no_data,0.0,,no_data,0.0,,no_data,0.0,,no_data,0.0,,no_data,0.0,,no_data,0.0,,no_data,0.0,,no_data,0.0,,no_data,0.0,,no_data,0.0,,no_data,0.0,,no_data,0.0,,no_data,0.0,,no_data,0.0,,no_data,0.0,tier_2,7,2017,2023,1
Brajrajnagar,Odisha,Odisha,2022,1,31.70733644859813,good,86.3,65.96858267716536,good,85.3,13.590466562986,good,86.4,18.503452566096424,good,86.4,32.072021772939344,good,86.4,29.79917573872473,good,86.4,0.9942612752721617,good,86.4,29.23188180404355,good,86.4,33.29023364485982,good,86.3,0.0,good,86.4,0.988,sparse,32.9,,insufficient,8.2,17.281617418351477,good,86.4,,no_data,0.0,,no_data,0.0,,no_data,0.0,,no_data,0.0,,no_data,0.0,,no_data,0.0,,no_data,0.0,,no_data,0.0,,no_data,0.0,,no_data,0.0,,no_data,0.0,,no_data,0.0,,no_data,0.0,,no_data,0.0,,no_data,0.0,,no_data,0.0,tier_2,7,2017,2023,1
Brajrajnagar,Odisha,Odisha,2022,2,34.0023738317757,good,79.6,70.21415730337078,good,79.5,13.659999999999998,sparse,47.2,18.62,sparse,47.2,19.096485981308405,good,79.6,22.835046728971964,good,79.6,1.0152710280373833,good,79.6,29.4,sparse,47.2,42.31043071161048,good,79.5,0.0,good,79.6,0.9382266009852217,sparse,30.2,,insufficient,6.7,19.430803738317756,good,79.6,,no_data,0.0,,no_data,0.0,,no_data,0.0,,no_data,0.0,,no_data,0.0,,no_data,0.0,,no_data,0.0,,no_data,0.0,,no_data,0.0,,no_data,0.0,,no_data,0.0,,no_data,0.0,,no_data,0.0,,no_data,0.0,,no_data,0.0,,no_data,0.0,tier_2,7,2017,2023,1
Brajrajnagar,Odisha,Odisha,2022,3,58.90687096774194,good,83.3,125.38022653721684,good,83.1,,insufficient,0.0,,insufficient,0.0,0.0,good,83.3,30.025016129032263,good,83.3,1.0713870967741936,good,83.3,,insufficient,0.0,67.4783251231527,good,81.9,0.0,good,83.3,,insufficient,6.6,,insufficient,6.6,26.545467741935482,good,83.3,,no_data,0.0,,no_data,0.0,,no_data,0.0,,no_data,0.0,,no_data,0.0,,no_data,0.0,,no_data,0.0,,no_data,0.0,,no_data,0.0,,no_data,0.0,,no_data,0.0,,no_data,0.0,,no_data,0.0,,no_data,0.0,,no_data,0.0,,no_data,0.0,tier_2,7,2017,2023,1
Brajrajnagar,Odisha,Odisha,2022,4,53.60073873873874,good,77.1,108.86721495327102,good,74.3,37.73475675675676,sparse,25.7,4.753787878787879,good,73.3,18.2302460456942,good,79.0,20.123315789473686,good,79.2,1.0310701754385965,good,79.2,33.73155440414508,sparse,26.8,76.69458781362007,good,77.5,0.0,good,79.2,,insufficient,7.6,,insufficient,8.3,32.02480701754386,good,79.2,,no_data,0.0,,no_data,0.0,,no_data,0.0,,no_data,0.0,,no_data,0.0,,no_data,0.0,,no_data,0.0,,no_data,0.0,,no_data,0.0,,no_data,0.0,,no_data,0.0,,no_data,0.0,,no_data,0.0,,no_data,0.0,,no_data,0.0,,no_data,0.0,tier_2,7,2017,2023,1
Brajrajnagar,Odisha,Odisha,2022,5,28.909366197183097,good,57.3,63.97742316784869,good,56.9,28.107662601626018,good,66.1,23.0232905982906,good,62.9,47.11032520325203,good,66.1,14.160447154471546,good,66.1,1.1169715447154471,good,66.1,4.203025936599424,sparse,46.6,34.46702258726899,good,65.5,0.0,good,66.1,4.317487684729064,good,54.6,102.80815724815724,good,54.7,31.41105691056911,good,66.1,,no_data,0.0,,no_data,0.0,,no_data,0.0,,no_data,0.0,,no_data,0.0,,no_data,0.0,,no_data,0.0,,no_data,0.0,,no_data,0.0,,no_data,0.0,,no_data,0.0,,no_data,0.0,,no_data,0.0,,no_data,0.0,,no_data,0.0,,no_data,0.0,tier_2,7,2017,2023,1
Brajrajnagar,Odisha,Odisha,2022,6,24.94647754137116,good,58.8,59.80116591928251,good,61.9,25.605296610169493,good,65.6,36.23423913043478,good,63.9,59.98302966101694,good,65.6,12.784491525423729,good,65.6,0.7843855932203391,good,65.6,13.544464285714286,good,62.2,16.99290948275862,good,64.4,0.0,good,65.6,4.340127118644068,good,65.6,105.41957627118644,good,65.6,30.342702127659575,good,65.3,,no_data,0.0,,no_data,0.0,,no_data,0.0,,no_data,0.0,,no_data,0.0,,no_data,0.0,,no_data,0.0,,no_data,0.0,,no_data,0.0,,no_data,0.0,,no_data,0.0,,no_data,0.0,,no_data,0.0,,no_data,0.0,,no_data,0.0,,no_data,0.0,tier_2,7,2017,2023,1
Brajrajnagar,Odisha,Odisha,2022,7,13.023359580052492,good,51.2,31.029736211031175,good,56.0,43.862423529411764,good,57.1,13.428912280701754,sparse,38.3,43.31236533957845,good,57.4,11.237611241217799,good,57.4,0.973255269320843,good,57.4,12.54198979591837,good,52.7,2.327352245862884,good,56.9,3.6065573770491803,good,57.4,4.315714285714286,good,57.4,105.64297423887588,good,57.4,27.302857142857142,good,57.4,,no_data,0.0,,no_data,0.0,,no_data,0.0,,no_data,0.0,,no_data,0.0,,no_data,0.0,,no_data,0.0,,no_data,0.0,,no_data,0.0,,no_data,0.0,,no_data,0.0,,no_data,0.0,,no_data,0.0,,no_data,0.0,,no_data,0.0,,no_data,0.0,tier_2,7,2017,2023,1
Brajrajnagar,Odisha,Odisha,2022,8,38.61570397111913,sparse,37.2,34.106226804123715,good,65.2,51.86327380952381,good,67.7,18.04920704845815,sparse,30.5,36.518499999999996,good,72.6,10.676041666666668,good,71.0,0.9605740740740741,good,72.6,7.975022321428571,good,60.2,4.025368421052631,sparse,38.3,9.712981481481481,good,72.6,4.449507575757576,good,71.0,104.75125000000001,good,71.0,26.809375,good,71.0,,no_data,0.0,,no_data,0.0,,no_data,0.0,,no_data,0.0,,no_data,0.0,,no_data,0.0,,no_data,0.0,,no_data,0.0,,no_data,0.0,,no_data,0.0,,no_data,0.0,,no_data,0.0,,no_data,0.0,,no_data,0.0,,no_data,0.0,,no_data,0.0,tier_2,7,2017,2023,1
Brajrajnagar,Odisha,Odisha,2022,9,,insufficient,3.1,29.391480362537763,sparse,46.0,50.183774104683195,good,50.4,16.90198952879581,sparse,26.5,37.67832904884318,good,54.0,10.611113989637305,good,53.6,0.9781748071979435,good,54.0,11.331141975308642,sparse,45.0,0.2689673913043478,sparse,25.6,9.854370179948587,good,54.0,4.360647668393783,good,53.6,104.81222797927462,good,53.6,26.88018134715026,good,53.6,,no_data,0.0,,no_data,0.0,,no_data,0.0,,no_data,0.0,,no_data,0.0,,no_data,0.0,,no_data,0.0,,no_data,0.0,,no_data,0.0,,no_data,0.0,,no_data,0.0,,no_data,0.0,,no_data,0.0,,no_data,0.0,,no_data,0.0,,no_data,0.0,tier_2,7,2017,2023,1
Brajrajnagar,Odisha,Odisha,2022,10,,insufficient,0.0,,insufficient,5.1,,insufficient,19.6,,insufficient,8.5,,insufficient,23.0,,insufficient,20.4,,insufficient,23.0,,insufficient,8.7,,insufficient,20.3,,insufficient,23.0,,insufficient,20.4,,insufficient,20.4,,insufficient,20.4,,no_data,0.0,,no_data,0.0,,no_data,0.0,,no_data,0.0,,no_data,0.0,,no_data,0.0,,no_data,0.0,,no_data,0.0,,no_data,0.0,,no_data,0.0,,no_data,0.0,,no_data,0.0,,no_data,0.0,,no_data,0.0,,no_data,0.0,,no_data,0.0,tier_2,7,2017,2023,1
Brajrajnagar,Odisha,Odisha,2022,11,,insufficient,2.9,84.10349112426034,sparse,46.9,133.25395730706077,good,84.6,18.37864161849711,sparse,48.1,127.43194127243066,good,85.1,55.26751923076923,good,72.2,2.039445350734095,good,85.1,,insufficient,16.1,11.995793780687396,good,84.9,9.956508972267537,good,85.1,4.200228384991844,good,85.1,105.54179445350734,good,85.1,20.065285481239805,good,85.1,,no_data,0.0,,no_data,0.0,,no_data,0.0,,no_data,0.0,,no_data,0.0,,no_data,0.0,,no_data,0.0,,no_data,0.0,,no_data,0.0,,no_data,0.0,,no_data,0.0,,no_data,0.0,,no_data,0.0,,no_data,0.0,,no_data,0.0,,no_data,0.0,tier_2,7,2017,2023,1
Brajrajnagar,Odisha,Odisha,2022,12,37.90406203840473,good,91.0,88.14657311669129,good,91.0,133.3749703264095,good,90.6,,insufficient,17.3,80.63919590643275,good,91.9,31.199150805270865,good,91.8,1.2547222222222223,good,91.9,6.329259259259259,sparse,25.4,20.69066361556064,good,58.7,9.963464912280703,good,91.9,4.20068814055637,good,91.8,105.76937042459735,good,91.8,18.800805270863837,good,91.8,,no_data,0.0,,no_data,0.0,,no_data,0.0,,no_data,0.0,,no_data,0.0,,no_data,0.0,,no_data,0.0,,no_data,0.0,,no_data,0.0,,no_data,0.0,,no_data,0.0,,no_data,0.0,,no_data,0.0,,no_data,0.0,,no_data,0.0,,no_data,0.0,tier_2,7,2017,2023,1
Brajrajnagar,Odisha,Odisha,2023,1,48.04893009985735,good,94.2,111.74450784593436,good,94.2,82.08533145275035,good,95.3,24.778785578747627,good,70.8,91.27641350210972,good,95.6,23.346420454545452,good,94.6,1.3743319268635723,good,95.6,,insufficient,22.7,27.709347826086958,sparse,49.5,9.980070323488045,good,95.6,4.295859154929577,good,95.4,106.548661971831,good,95.4,19.26901408450704,good,95.4,,no_data,0.0,,no_data,0.0,,no_data,0.0,,no_data,0.0,,no_data,0.0,,no_data,0.0,,no_data,0.0,,no_data,0.0,,no_data,0.0,,no_data,0.0,,no_data,0.0,,no_data,0.0,,no_data,0.0,,no_data,0.0,,no_data,0.0,,no_data,0.0,tier_2,7,2017,2023,1
Brajrajnagar,Odisha,Odisha,2023,2,46.002821368948254,good,89.1,106.98667779632721,good,89.1,55.235185783521814,good,92.1,33.580152963671125,good,77.8,80.49573268921095,good,92.4,23.288208191126284,good,87.2,1.4577455716586152,good,92.4,,insufficient,9.8,36.9775572519084,good,58.5,9.98927536231884,good,92.4,4.327665056360708,good,92.4,107.03716586151369,good,92.4,22.10925925925926,good,92.4,,no_data,0.0,,no_data,0.0,,no_data,0.0,,no_data,0.0,,no_data,0.0,,no_data,0.0,,no_data,0.0,,no_data,0.0,,no_data,0.0,,no_data,0.0,,no_data,0.0,,no_data,0.0,,no_data,0.0,,no_data,0.0,,no_data,0.0,,no_data,0.0,tier_2,7,2017,2023,1
Brajrajnagar,Odisha,Odisha,2023,3,44.215384615384615,good,87.4,102.82712307692309,good,87.4,36.88568778979907,good,87.0,31.317715654952075,good,84.1,63.602778603268945,good,90.5,4.61373692077728,good,89.9,1.8665676077265974,good,90.5,,insufficient,2.0,40.44501992031873,sparse,33.7,9.897221396731055,good,90.5,4.318475336322869,good,89.9,106.58853512705532,good,89.9,25.19334828101644,good,89.9,,no_data,0.0,,no_data,0.0,,no_data,0.0,,no_data,0.0,,no_data,0.0,,no_data,0.0,,no_data,0.0,,no_data,0.0,,no_data,0.0,,no_data,0.0,,no_data,0.0,,no_data,0.0,,no_data,0.0,,no_data,0.0,,no_data,0.0,,no_data,0.0,tier_2,7,2017,2023,1
