city,state,state_original,year,month,PM2.5 (ug/m3)_mean,PM2.5 (ug/m3)_flag,PM2.5 (ug/m3)_coverage_pct,PM10 (ug/m3)_mean,PM10 (ug/m3)_flag,PM10 (ug/m3)_coverage_pct,NO (ug/m3)_mean,NO (ug/m3)_flag,NO (ug/m3)_coverage_pct,NO2 (ug/m3)_mean,NO2 (ug/m3)_flag,NO2 (ug/m3)_coverage_pct,SO2 (ug/m3)_mean,SO2 (ug/m3)_flag,SO2 (ug/m3)_coverage_pct,CO (mg/m3)_mean,CO (mg/m3)_flag,CO (mg/m3)_coverage_pct,NH3 (ug/m3)_mean,NH3 (ug/m3)_flag,NH3 (ug/m3)_coverage_pct,Ozone (ug/m3)_mean,Ozone (ug/m3)_flag,Ozone (ug/m3)_coverage_pct,Benzene (ug/m3)_mean,Benzene (ug/m3)_flag,Benzene (ug/m3)_coverage_pct,WS (m/s)_mean,WS (m/s)_flag,WS (m/s)_coverage_pct,WD (degree)_mean,WD (degree)_flag,WD (degree)_coverage_pct,RH (%)_mean,RH (%)_flag,RH (%)_coverage_pct,AT (degree C)_mean,AT (degree C)_flag,AT (degree C)_coverage_pct,SR (W/mt2)_mean,SR (W/mt2)_flag,SR (W/mt2)_coverage_pct,BP (mmHg)_mean,BP (mmHg)_flag,BP (mmHg)_coverage_pct,NOx (ppb)_mean,NOx (ppb)_flag,NOx (ppb)_coverage_pct,Toluene (ug/m3)_mean,Toluene (ug/m3)_flag,Toluene (ug/m3)_coverage_pct,Eth-Benzene (ug/m3)_mean,Eth-Benzene (ug/m3)_flag,Eth-Benzene (ug/m3)_coverage_pct,MP-Xylene (ug/m3)_mean,MP-Xylene (ug/m3)_flag,MP-Xylene (ug/m3)_coverage_pct,O Xylene (ug/m3)_mean,O Xylene (ug/m3)_flag,O Xylene (ug/m3)_coverage_pct,Xylene (ug/m3)_mean,Xylene (ug/m3)_flag,Xylene (ug/m3)_coverage_pct,RF (mm)_mean,RF (mm)_flag,RF (mm)_coverage_pct,CH4 (ug/m3)_mean,CH4 (ug/m3)_flag,CH4 (ug/m3)_coverage_pct,NMHC (ug/m3)_mean,NMHC (ug/m3)_flag,NMHC (ug/m3)_coverage_pct,THC (ug/m3)_mean,THC (ug/m3)_flag,THC (ug/m3)_coverage_pct,CO2 (mg/m3)_mean,CO2 (mg/m3)_flag,CO2 (mg/m3)_coverage_pct,HCHO (ug/m3)_mean,HCHO (ug/m3)_flag,HCHO (ug/m3)_coverage_pct,Hg (ug/m3)_mean,Hg (ug/m3)_flag,Hg (ug/m3)_coverage_pct,SPM (ug/m3)_mean,SPM (ug/m3)_flag,SPM (ug/m3)_coverage_pct,data_quality_tier,actual_data_years,data_first_year,data_last_year,n_stations
Jorapokhar,Jharkhand,Jharkhand,2017,5,,insufficient,0.0,126.69040960451977,good,95.2,7.843248587570622,good,95.2,9.442358757062147,good,95.2,35.57627376425855,good,70.7,0.34660537482319664,good,95.0,,insufficient,0.0,24.240231124807394,good,87.2,,insufficient,0.0,-0.9022143864598023,good,95.3,87.12735211267606,good,95.4,59.59991537376586,good,95.3,30.959661971830986,good,95.4,279.6781805359662,good,95.3,1016.6137799717914,good,95.3,,no_data,0.0,,no_data,0.0,,no_data,0.0,,no_data,0.0,,no_data,0.0,,no_data,0.0,,no_data,0.0,,no_data,0.0,,no_data,0.0,,no_data,0.0,,no_data,0.0,,no_data,0.0,,no_data,0.0,,no_data,0.0,tier_4,2,2019,2020,1
Jorapokhar,Jharkhand,Jharkhand,2017,6,,insufficient,0.0,126.82030141843971,good,78.3,8.260842572062083,good,62.6,9.677006651884701,good,62.6,29.342324561403505,good,63.3,0.35009765625,good,71.1,,insufficient,0.0,12.144018404907975,good,90.6,,insufficient,0.8,-0.9188712121212121,good,91.7,79.94560559006212,good,89.4,73.53010703363914,good,90.8,30.116131498470942,good,90.8,271.77495454545453,good,91.7,1016.72250764526,good,90.8,,no_data,0.0,,no_data,0.0,,no_data,0.0,,no_data,0.0,,no_data,0.0,,no_data,0.0,,no_data,0.0,,no_data,0.0,,no_data,0.0,,no_data,0.0,,no_data,0.0,,no_data,0.0,,no_data,0.0,,no_data,0.0,tier_4,2,2019,2020,1
Jorapokhar,Jharkhand,Jharkhand,2017,7,,insufficient,0.0,,insufficient,21.4,,insufficient,21.4,,insufficient,21.4,,insufficient,16.7,0.11785714285714285,good,58.3,,insufficient,0.0,,insufficient,5.4,0.0,sparse,38.0,-0.718721198156682,good,58.3,,insufficient,5.0,,insufficient,21.4,,insufficient,21.4,51.51205069124424,good,58.3,,insufficient,4.4,,no_data,0.0,,no_data,0.0,,no_data,0.0,,no_data,0.0,,no_data,0.0,,no_data,0.0,,no_data,0.0,,no_data,0.0,,no_data,0.0,,no_data,0.0,,no_data,0.0,,no_data,0.0,,no_data,0.0,,no_data,0.0,tier_4,2,2019,2020,1
Jorapokhar,Jharkhand,Jharkhand,2017,8,,insufficient,0.0,57.323115577889446,good,53.5,6.756798941798942,good,50.8,12.042506666666666,good,50.4,15.255500000000003,sparse,45.7,,insufficient,9.4,,insufficient,0.0,,insufficient,1.9,,insufficient,1.9,-1.4889371980676327,good,55.6,26.634999999999998,sparse,29.8,96.16365,good,53.8,28.095321782178218,good,54.3,229.02870192307694,good,55.9,,insufficient,0.0,,no_data,0.0,,no_data,0.0,,no_data,0.0,,no_data,0.0,,no_data,0.0,,no_data,0.0,,no_data,0.0,,no_data,0.0,,no_data,0.0,,no_data,0.0,,no_data,0.0,,no_data,0.0,,no_data,0.0,,no_data,0.0,tier_4,2,2019,2020,1
Jorapokhar,Jharkhand,Jharkhand,2017,9,,insufficient,0.0,,insufficient,0.3,,insufficient,0.3,,insufficient,0.3,,insufficient,0.3,,insufficient,0.4,,insufficient,0.0,,insufficient,0.0,,insufficient,0.8,,insufficient,0.4,,insufficient,0.3,,insufficient,0.3,,insufficient,0.3,,insufficient,0.8,,insufficient,0.0,,no_data,0.0,,no_data,0.0,,no_data,0.0,,no_data,0.0,,no_data,0.0,,no_data,0.0,,no_data,0.0,,no_data,0.0,,no_data,0.0,,no_data,0.0,,no_data,0.0,,no_data,0.0,,no_data,0.0,,no_data,0.0,tier_4,2,2019,2020,1
Jorapokhar,Jharkhand,Jharkhand,2017,10,,insufficient,0.0,,insufficient,3.4,,insufficient,3.2,,insufficient,3.2,,insufficient,2.7,,insufficient,4.2,,insufficient,13.7,,insufficient,2.0,,insufficient,6.5,,insufficient,2.7,,insufficient,0.0,,insufficient,2.6,,insufficient,3.1,,insufficient,9.3,,insufficient,0.0,,no_data,0.0,,no_data,0.0,,no_data,0.0,,no_data,0.0,,no_data,0.0,,no_data,0.0,,no_data,0.0,,no_data,0.0,,no_data,0.0,,no_data,0.0,,no_data,0.0,,no_data,0.0,,no_data,0.0,,no_data,0.0,tier_4,2,2019,2020,1
Jorapokhar,Jharkhand,Jharkhand,2017,11,,insufficient,0.0,,insufficient,7.1,,insufficient,6.8,,insufficient,6.8,,insufficient,6.8,,insufficient,12.2,,insufficient,6.8,,insufficient,6.2,,insufficient,8.3,,insufficient,12.2,,insufficient,0.1,,insufficient,7.1,,insufficient,7.1,,insufficient,12.4,,insufficient,0.0,,no_data,0.0,,no_data,0.0,,no_data,0.0,,no_data,0.0,,no_data,0.0,,no_data,0.0,,no_data,0.0,,no_data,0.0,,no_data,0.0,,no_data,0.0,,no_data,0.0,,no_data,0.0,,no_data,0.0,,no_data,0.0,tier_4,2,2019,2020,1
Jorapokhar,Jharkhand,Jharkhand,2017,12,,insufficient,0.0,185.84203791469193,sparse,28.4,10.571132075471699,sparse,28.5,11.22127358490566,sparse,28.5,54.368142857142864,sparse,28.2,0.3463849765258216,sparse,28.6,6.9532547169811325,sparse,28.5,41.79820754716982,sparse,28.5,,insufficient,0.0,-1.1476525821596244,sparse,28.6,243.2444811320755,sparse,28.5,72.91,sparse,28.6,18.503333333333334,sparse,28.6,153.5044131455399,sparse,28.6,,insufficient,0.0,,no_data,0.0,,no_data,0.0,,no_data,0.0,,no_data,0.0,,no_data,0.0,,no_data,0.0,,no_data,0.0,,no_data,0.0,,no_data,0.0,,no_data,0.0,,no_data,0.0,,no_data,0.0,,no_data,0.0,,no_data,0.0,tier_4,2,2019,2020,1
Jorapokhar,Jharkhand,Jharkhand,2018,1,,insufficient,0.0,169.45104895104896,good,76.9,9.547845303867403,good,73.0,11.124180478821364,good,73.0,57.42455089820359,good,67.3,0.3312765957446809,good,75.8,6.958213627992634,good,73.0,24.439272097053724,good,77.6,,insufficient,0.5,-2.1016753472222223,good,77.4,,insufficient,9.1,58.35529513888889,good,77.4,16.412899305555555,good,77.4,,insufficient,9.3,,insufficient,0.0,,no_data,0.0,,no_data,0.0,,no_data,0.0,,no_data,0.0,,no_data,0.0,,no_data,0.0,,no_data,0.0,,no_data,0.0,,no_data,0.0,,no_data,0.0,,no_data,0.0,,no_data,0.0,,no_data,0.0,,no_data,0.0,tier_4,2,2019,2020,1
Jorapokhar,Jharkhand,Jharkhand,2018,2,,insufficient,0.0,180.93278884462148,good,74.7,9.628314606741574,good,79.5,9.910037453183522,good,79.5,72.41089947089947,good,56.2,0.33358208955223884,good,79.8,6.915955056179775,good,79.5,28.11202626641651,good,79.3,,insufficient,0.9,-2.436623134328358,good,79.8,,insufficient,0.0,49.13846441947566,good,79.5,22.670149812734085,good,79.5,,insufficient,0.0,,insufficient,0.0,,no_data,0.0,,no_data,0.0,,no_data,0.0,,no_data,0.0,,no_data,0.0,,no_data,0.0,,no_data,0.0,,no_data,0.0,,no_data,0.0,,no_data,0.0,,no_data,0.0,,no_data,0.0,,no_data,0.0,,no_data,0.0,tier_4,2,2019,2020,1
Jorapokhar,Jharkhand,Jharkhand,2018,3,,insufficient,0.0,184.9980107526882,good,75.0,9.464260249554368,good,75.4,9.665793226381462,good,75.4,109.39460893854749,sparse,48.1,0.33005291005291004,good,76.2,6.861105169340464,good,75.4,33.7570944741533,good,75.4,,insufficient,0.8,-2.5808289241622573,good,76.2,,insufficient,0.0,33.272976827094475,good,75.4,27.947254901960783,good,75.4,,insufficient,0.0,,insufficient,0.0,,no_data,0.0,,no_data,0.0,,no_data,0.0,,no_data,0.0,,no_data,0.0,,no_data,0.0,,no_data,0.0,,no_data,0.0,,no_data,0.0,,no_data,0.0,,no_data,0.0,,no_data,0.0,,no_data,0.0,,no_data,0.0,tier_4,2,2019,2020,1
Jorapokhar,Jharkhand,Jharkhand,2018,4,,insufficient,0.0,,insufficient,14.7,,insufficient,15.0,,insufficient,15.0,,insufficient,8.6,,insufficient,17.8,,insufficient,14.7,,insufficient,16.1,,insufficient,2.9,,insufficient,15.6,,insufficient,0.0,,insufficient,13.6,,insufficient,13.8,,insufficient,0.0,,insufficient,0.0,,no_data,0.0,,no_data,0.0,,no_data,0.0,,no_data,0.0,,no_data,0.0,,no_data,0.0,,no_data,0.0,,no_data,0.0,,no_data,0.0,,no_data,0.0,,no_data,0.0,,no_data,0.0,,no_data,0.0,,no_data,0.0,tier_4,2,2019,2020,1
Jorapokhar,Jharkhand,Jharkhand,2018,5,,insufficient,0.0,,insufficient,2.8,,insufficient,2.7,,insufficient,2.7,,insufficient,1.7,,insufficient,4.7,,insufficient,2.7,,insufficient,3.9,,insufficient,1.2,,insufficient,5.9,,insufficient,0.0,,insufficient,5.1,,insufficient,5.1,,insufficient,0.5,,insufficient,0.5,,no_data,0.0,,no_data,0.0,,no_data,0.0,,no_data,0.0,,no_data,0.0,,no_data,0.0,,no_data,0.0,,no_data,0.0,,no_data,0.0,,no_data,0.0,,no_data,0.0,,no_data,0.0,,no_data,0.0,,no_data,0.0,tier_4,2,2019,2020,1
Jorapokhar,Jharkhand,Jharkhand,2018,6,,insufficient,0.0,,insufficient,21.7,,insufficient,21.8,,insufficient,21.8,,insufficient,18.9,,insufficient,21.7,,insufficient,21.8,,insufficient,21.2,,insufficient,22.1,,insufficient,22.1,,insufficient,0.0,,insufficient,21.9,,insufficient,21.9,,insufficient,15.1,,insufficient,15.1,,no_data,0.0,,no_data,0.0,,no_data,0.0,,no_data,0.0,,no_data,0.0,,no_data,0.0,,no_data,0.0,,no_data,0.0,,no_data,0.0,,no_data,0.0,,no_data,0.0,,no_data,0.0,,no_data,0.0,,no_data,0.0,tier_4,2,2019,2020,1
Jorapokhar,Jharkhand,Jharkhand,2018,7,,insufficient,0.0,84.48297339593114,good,85.9,7.103921875,good,86.0,7.082374999999999,good,86.0,24.49349593495935,good,82.7,0.33195652173913043,good,86.6,6.632421875,good,86.0,14.435359374999999,good,86.0,0.0,good,86.7,-2.122093023255814,good,86.7,,insufficient,0.0,93.95895312500001,good,86.0,28.194265625000003,good,86.0,203.58014062499998,good,86.0,1010.62090625,good,86.0,,no_data,0.0,,no_data,0.0,,no_data,0.0,,no_data,0.0,,no_data,0.0,,no_data,0.0,,no_data,0.0,,no_data,0.0,,no_data,0.0,,no_data,0.0,,no_data,0.0,,no_data,0.0,,no_data,0.0,,no_data,0.0,tier_4,2,2019,2020,1
Jorapokhar,Jharkhand,Jharkhand,2018,8,,insufficient,0.0,121.36891632373114,good,98.0,7.099519890260631,good,98.0,7.36514403292181,good,98.0,35.0104128440367,good,87.9,0.3983127572016461,good,98.0,6.622085048010974,good,98.0,18.49196698762036,good,97.7,0.0,good,98.0,-2.5184773662551443,good,98.0,,insufficient,0.0,96.2236488340192,good,98.0,28.120274348422498,good,98.0,195.91454046639234,good,98.0,1012.0521947873799,good,98.0,,no_data,0.0,,no_data,0.0,,no_data,0.0,,no_data,0.0,,no_data,0.0,,no_data,0.0,,no_data,0.0,,no_data,0.0,,no_data,0.0,,no_data,0.0,,no_data,0.0,,no_data,0.0,,no_data,0.0,,no_data,0.0,tier_4,2,2019,2020,1
Jorapokhar,Jharkhand,Jharkhand,2018,9,,insufficient,0.0,,insufficient,24.0,,insufficient,24.0,,insufficient,24.0,,insufficient,22.1,0.12448780487804878,sparse,28.5,,insufficient,24.0,,insufficient,24.0,0.0,sparse,28.5,-2.294048780487805,sparse,28.5,,insufficient,0.0,,insufficient,24.0,,insufficient,24.0,,insufficient,23.9,,insufficient,24.0,,no_data,0.0,,no_data,0.0,,no_data,0.0,,no_data,0.0,,no_data,0.0,,no_data,0.0,,no_data,0.0,,no_data,0.0,,no_data,0.0,,no_data,0.0,,no_data,0.0,,no_data,0.0,,no_data,0.0,,no_data,0.0,tier_4,2,2019,2020,1
Jorapokhar,Jharkhand,Jharkhand,2018,10,,insufficient,0.0,269.30644067796607,good,79.3,7.06693220338983,good,79.3,7.309627118644067,good,79.3,,insufficient,0.0,0.0,good,82.4,6.583118644067796,good,79.3,25.033610169491524,good,79.3,0.0,good,82.4,-6.550081566068515,good,82.4,,insufficient,0.0,78.12133047210301,sparse,31.3,30.370858369098713,sparse,31.3,199.8561373390558,sparse,31.3,1012.806652360515,sparse,31.3,,no_data,0.0,,no_data,0.0,,no_data,0.0,,no_data,0.0,,no_data,0.0,,no_data,0.0,,no_data,0.0,,no_data,0.0,,no_data,0.0,,no_data,0.0,,no_data,0.0,,no_data,0.0,,no_data,0.0,,no_data,0.0,tier_4,2,2019,2020,1
Jorapokhar,Jharkhand,Jharkhand,2018,11,,insufficient,0.0,376.589897260274,good,81.1,7.447275803722505,good,82.1,7.289983079526227,good,82.1,,insufficient,20.8,0.0,good,82.2,6.662064297800339,good,82.1,28.36967851099831,good,82.1,0.0,good,82.1,-3.683547297297297,good,82.2,,insufficient,0.0,65.53435950413223,good,67.2,24.32496894409938,good,67.1,158.39423553719007,good,67.2,1009.2964049586777,good,67.2,,no_data,0.0,,no_data,0.0,,no_data,0.0,,no_data,0.0,,no_data,0.0,,no_data,0.0,,no_data,0.0,,no_data,0.0,,no_data,0.0,,no_data,0.0,,no_data,0.0,,no_data,0.0,,no_data,0.0,,no_data,0.0,tier_4,2,2019,2020,1
Jorapokhar,Jharkhand,Jharkhand,2018,12,,insufficient,0.0,393.2967032967033,good,61.2,7.2109719222462205,good,62.2,7.568682505399568,good,62.2,71.70167410714285,good,60.2,,insufficient,21.1,6.663585313174946,good,62.2,20.020172786177106,good,62.2,,insufficient,21.1,-2.3575126903553296,good,53.0,,insufficient,0.0,65.114625,sparse,43.0,19.248312500000004,sparse,43.0,177.116125,sparse,43.0,1007.2374213836478,sparse,42.7,,no_data,0.0,,no_data,0.0,,no_data,0.0,,no_data,0.0,,no_data,0.0,,no_data,0.0,,no_data,0.0,,no_data,0.0,,no_data,0.0,,no_data,0.0,,no_data,0.0,,no_data,0.0,,no_data,0.0,,no_data,0.0,tier_4,2,2019,2020,1
Jorapokhar,Jharkhand,Jharkhand,2019,1,120.74332695984704,good,70.3,277.0270786516854,good,95.7,9.456469760900141,good,95.6,9.995808720112517,good,95.6,72.8784882108183,good,96.9,,insufficient,0.9,6.410787623066105,good,95.6,38.967414500683994,good,98.3,,insufficient,1.7,-2.4419209809264304,good,98.7,,insufficient,0.0,60.783328611898014,good,94.9,19.13099455040872,good,98.7,161.99646174863386,good,98.4,1007.2233106267031,good,98.7,,no_data,0.0,,no_data,0.0,,no_data,0.0,,no_data,0.0,,no_data,0.0,,no_data,0.0,,no_data,0.0,,no_data,0.0,,no_data,0.0,,no_data,0.0,,no_data,0.0,,no_data,0.0,,no_data,0.0,,no_data,0.0,tier_4,2,2019,2020,1
Jorapokhar,Jharkhand,Jharkhand,2019,2,83.62077044025156,good,94.6,154.9004754601227,good,97.0,9.427996965098634,good,98.1,9.96599393019727,good,98.1,78.24485623003194,sparse,46.6,0.0,good,57.9,6.321411229135053,good,98.1,24.050547112462002,good,97.9,,insufficient,0.9,-2.578257575757576,good,98.2,,insufficient,0.0,57.15347133757961,good,93.5,23.246636363636362,good,98.2,218.37678787878787,good,98.2,1009.0135454545454,good,98.2,,no_data,0.0,,no_data,0.0,,no_data,0.0,,no_data,0.0,,no_data,0.0,,no_data,0.0,,no_data,0.0,,no_data,0.0,,no_data,0.0,,no_data,0.0,,no_data,0.0,,no_data,0.0,,no_data,0.0,,no_data,0.0,tier_4,2,2019,2020,1
Jorapokhar,Jharkhand,Jharkhand,2019,3,67.99680365296803,good,88.3,131.9347473200613,good,87.8,9.24161094224924,good,88.4,9.690075987841945,good,88.4,11.230030441400306,good,88.3,0.0,good,88.6,6.311519756838905,good,88.4,28.588237082066872,good,88.4,,insufficient,0.4,-2.413110773899848,good,88.6,,insufficient,0.0,46.97657056145675,good,88.6,27.203216463414638,good,88.2,286.5636722306525,good,88.6,1010.6829438543248,good,88.6,,no_data,0.0,,no_data,0.0,,no_data,0.0,,no_data,0.0,,no_data,0.0,,no_data,0.0,,no_data,0.0,,no_data,0.0,,no_data,0.0,,no_data,0.0,,no_data,0.0,,no_data,0.0,,no_data,0.0,,no_data,0.0,tier_4,2,2019,2020,1
Jorapokhar,Jharkhand,Jharkhand,2019,4,54.432260536398466,good,72.5,114.93008708272858,good,95.7,8.938125000000001,good,95.6,9.344701601164482,good,95.4,7.574233576642335,good,95.1,,insufficient,21.4,6.318008720930233,good,95.6,34.1668778280543,good,92.1,,insufficient,0.0,-2.191601731601731,good,96.2,,insufficient,0.0,61.0251948051948,good,96.2,32.46050505050505,good,96.2,292.3821212121212,good,96.2,1012.1895093795094,good,96.2,,no_data,0.0,,no_data,0.0,,no_data,0.0,,no_data,0.0,,no_data,0.0,,no_data,0.0,,no_data,0.0,,no_data,0.0,,no_data,0.0,,no_data,0.0,,no_data,0.0,,no_data,0.0,,no_data,0.0,,no_data,0.0,tier_4,2,2019,2020,1
Jorapokhar,Jharkhand,Jharkhand,2019,5,,insufficient,0.0,96.83862542955326,good,78.2,7.902149200710479,good,75.7,7.553829787234044,good,75.8,8.802385892116183,good,64.8,1.7497766323024053,good,78.2,6.5844503546099284,good,75.8,46.16891379310345,good,78.0,,insufficient,0.0,-2.7666380789022296,good,78.4,,insufficient,0.0,56.52758147512865,good,78.4,32.37576329331046,good,78.4,301.4216295025729,good,78.4,1013.1484905660376,good,78.4,,no_data,0.0,,no_data,0.0,,no_data,0.0,,no_data,0.0,,no_data,0.0,,no_data,0.0,,no_data,0.0,,no_data,0.0,,no_data,0.0,,no_data,0.0,,no_data,0.0,,no_data,0.0,,no_data,0.0,,no_data,0.0,tier_4,2,2019,2020,1
Jorapokhar,Jharkhand,Jharkhand,2019,6,,insufficient,0.0,,insufficient,3.1,,insufficient,1.9,,insufficient,1.9,,insufficient,2.8,,insufficient,3.2,,insufficient,1.9,,insufficient,3.3,,insufficient,0.0,,insufficient,4.0,,insufficient,0.0,,insufficient,4.0,,insufficient,4.0,,insufficient,3.9,,insufficient,4.0,,no_data,0.0,,no_data,0.0,,no_data,0.0,,no_data,0.0,,no_data,0.0,,no_data,0.0,,no_data,0.0,,no_data,0.0,,no_data,0.0,,no_data,0.0,,no_data,0.0,,no_data,0.0,,no_data,0.0,,no_data,0.0,tier_4,2,2019,2020,1
Jorapokhar,Jharkhand,Jharkhand,2019,7,,insufficient,0.0,33.452880184331796,good,58.3,8.656394557823129,good,59.3,9.343673469387754,good,59.3,5.081323529411765,good,54.8,1.4140909090909088,good,59.1,6.2575510204081635,good,59.3,29.865025,good,53.8,,insufficient,0.0,-2.2670068027210886,good,59.3,,insufficient,0.0,83.70485260770974,good,59.3,32.644625850340134,good,59.3,254.40149659863945,good,59.3,1012.328276643991,good,59.3,,no_data,0.0,,no_data,0.0,,no_data,0.0,,no_data,0.0,,no_data,0.0,,no_data,0.0,,no_data,0.0,,no_data,0.0,,no_data,0.0,,no_data,0.0,,no_data,0.0,,no_data,0.0,,no_data,0.0,,no_data,0.0,tier_4,2,2019,2020,1
Jorapokhar,Jharkhand,Jharkhand,2019,8,12.512777777777778,sparse,36.3,27.34930298719772,good,94.5,8.679525745257452,good,99.2,9.34840108401084,good,99.2,4.629131652661064,good,96.0,1.803925619834711,good,97.6,6.265785907859078,good,99.2,7.976720867208671,good,99.2,,insufficient,0.0,-2.610379403794038,good,99.2,,insufficient,0.0,93.00857746478873,good,95.4,28.112005420054206,good,99.2,212.47787262872626,good,99.2,1012.1147527472529,good,97.8,,no_data,0.0,,no_data,0.0,,no_data,0.0,,no_data,0.0,,no_data,0.0,,no_data,0.0,,no_data,0.0,,no_data,0.0,,no_data,0.0,,no_data,0.0,,no_data,0.0,,no_data,0.0,,no_data,0.0,,no_data,0.0,tier_4,2,2019,2020,1
Jorapokhar,Jharkhand,Jharkhand,2019,9,21.85920774647887,good,78.9,39.855300353356895,good,78.6,8.840169491525424,good,98.3,9.275805084745762,good,98.3,3.7166912850812404,good,94.0,1.875528846153846,sparse,28.9,6.279985875706214,good,98.3,11.099051724137931,good,96.7,,insufficient,0.0,-3.3153672316384175,good,98.3,,insufficient,0.0,,insufficient,6.9,27.393898305084743,good,98.3,195.48297029702968,good,98.2,1012.6023696682465,sparse,29.3,,no_data,0.0,,no_data,0.0,,no_data,0.0,,no_data,0.0,,no_data,0.0,,no_data,0.0,,no_data,0.0,,no_data,0.0,,no_data,0.0,,no_data,0.0,,no_data,0.0,,no_data,0.0,,no_data,0.0,,no_data,0.0,tier_4,2,2019,2020,1
Jorapokhar,Jharkhand,Jharkhand,2019,10,49.119869646182494,good,72.2,83.99096296296298,good,72.6,8.872977777777779,good,90.7,9.242237037037038,good,90.7,5.679197622585439,good,90.5,,insufficient,0.0,6.297466666666667,good,90.7,46.99861952861953,good,79.8,,insufficient,0.0,-3.197451851851852,good,90.7,,insufficient,0.0,,insufficient,0.0,24.948800000000002,good,90.7,184.12765925925925,good,90.7,,insufficient,0.0,,no_data,0.0,,no_data,0.0,,no_data,0.0,,no_data,0.0,,no_data,0.0,,no_data,0.0,,no_data,0.0,,no_data,0.0,,no_data,0.0,,no_data,0.0,,no_data,0.0,,no_data,0.0,,no_data,0.0,,no_data,0.0,tier_4,2,2019,2020,1
Jorapokhar,Jharkhand,Jharkhand,2019,11,86.09807383627609,good,86.5,161.8952986217458,good,90.7,8.790747126436782,good,96.7,9.347543103448276,good,96.7,16.2378232405892,good,84.9,,insufficient,0.0,6.30610632183908,good,96.7,55.117209631728045,good,98.1,,insufficient,0.0,-3.3270963172804535,good,98.1,,insufficient,0.0,,insufficient,0.0,21.800835694050992,good,98.1,171.19301699716715,good,98.1,,insufficient,0.0,,no_data,0.0,,no_data,0.0,,no_data,0.0,,no_data,0.0,,no_data,0.0,,no_data,0.0,,no_data,0.0,,no_data,0.0,,no_data,0.0,,no_data,0.0,,no_data,0.0,,no_data,0.0,,no_data,0.0,,no_data,0.0,tier_4,2,2019,2020,1
Jorapokhar,Jharkhand,Jharkhand,2019,12,86.6783644189383,good,93.7,200.97827089337173,good,93.3,8.687819225251076,good,93.7,9.319340028694404,good,93.7,26.74804063860668,good,92.6,,insufficient,0.0,6.379526542324248,good,93.7,45.82627873563218,good,93.5,,insufficient,0.0,-2.5529268292682925,good,93.7,,insufficient,0.0,,insufficient,0.0,17.339053084648494,good,93.7,143.4982783357245,good,93.7,,insufficient,10.3,,no_data,0.0,,no_data,0.0,,no_data,0.0,,no_data,0.0,,no_data,0.0,,no_data,0.0,,no_data,0.0,,no_data,0.0,,no_data,0.0,,no_data,0.0,,no_data,0.0,,no_data,0.0,,no_data,0.0,,no_data,0.0,tier_4,2,2019,2020,1
Jorapokhar,Jharkhand,Jharkhand,2020,1,62.394010989010994,good,97.8,179.7036914600551,good,97.6,8.504289655172414,good,97.4,8.27943448275862,good,97.4,27.260136986301372,good,98.1,,insufficient,0.0,6.533117241379311,good,97.4,55.21524005486969,good,98.0,,insufficient,0.0,-2.53186301369863,good,98.1,,insufficient,0.0,,insufficient,0.0,16.517246575342465,good,98.1,173.7403698630137,good,98.1,998.3627464788732,good,57.3,,no_data,0.0,,no_data,0.0,,no_data,0.0,,no_data,0.0,,no_data,0.0,,no_data,0.0,,no_data,0.0,,no_data,0.0,,no_data,0.0,,no_data,0.0,,no_data,0.0,,no_data,0.0,,no_data,0.0,,no_data,0.0,tier_4,2,2019,2020,1
Jorapokhar,Jharkhand,Jharkhand,2020,2,73.47237258347978,good,81.8,173.92121693121695,good,81.5,19.56324652777778,good,82.8,9.815763888888888,good,82.8,30.920757314974182,good,83.5,,insufficient,0.0,8.361597222222223,good,82.8,49.376579861111104,good,82.8,,insufficient,0.0,-2.571323024054983,good,83.6,,insufficient,0.0,57.446855036855034,good,58.5,19.26569707401033,good,83.5,229.17283505154643,good,83.6,996.5378787878788,good,61.6,,no_data,0.0,,no_data,0.0,,no_data,0.0,,no_data,0.0,,no_data,0.0,,no_data,0.0,,no_data,0.0,,no_data,0.0,,no_data,0.0,,no_data,0.0,,no_data,0.0,,no_data,0.0,,no_data,0.0,,no_data,0.0,tier_4,2,2019,2020,1
Jorapokhar,Jharkhand,Jharkhand,2020,3,62.453110367892975,sparse,40.2,119.63622950819673,sparse,41.0,24.432838427947598,good,92.3,10.66778748180495,good,92.3,31.380736994219657,good,93.0,2.0434036144578314,sparse,44.6,9.074410480349345,good,92.3,50.179167862266866,good,93.7,,insufficient,0.0,-2.3666475644699143,good,93.8,,insufficient,0.0,63.17694842406877,good,93.8,23.740573065902577,good,93.8,216.36923076923074,good,89.1,997.7104784688995,good,56.2,,no_data,0.0,,no_data,0.0,,no_data,0.0,,no_data,0.0,,no_data,0.0,,no_data,0.0,,no_data,0.0,,no_data,0.0,,no_data,0.0,,no_data,0.0,,no_data,0.0,,no_data,0.0,,no_data,0.0,,no_data,0.0,tier_4,2,2019,2020,1
Jorapokhar,Jharkhand,Jharkhand,2020,4,43.60507183908046,good,96.7,107.74799999999999,good,97.9,24.88505263157895,good,92.4,11.220766917293233,good,92.4,32.90864091559371,good,97.1,1.7862910128388019,good,97.4,9.037072072072073,good,92.5,46.066643233743406,good,79.0,,insufficient,0.0,-3.156070422535212,good,98.6,,insufficient,0.0,56.48464689265536,good,98.3,28.07402816901408,good,98.6,234.84277198211623,good,93.2,,insufficient,15.8,,no_data,0.0,,no_data,0.0,,no_data,0.0,,no_data,0.0,,no_data,0.0,,no_data,0.0,,no_data,0.0,,no_data,0.0,,no_data,0.0,,no_data,0.0,,no_data,0.0,,no_data,0.0,,no_data,0.0,,no_data,0.0,tier_4,2,2019,2020,1
Jorapokhar,Jharkhand,Jharkhand,2020,5,46.64151724137931,good,97.4,130.23193103448278,good,97.4,24.220284552845527,good,99.2,10.462344173441734,good,99.2,24.353913043478265,good,98.9,0.9844397759103642,good,96.0,9.11668021680217,good,99.2,44.2989851150203,good,99.3,,insufficient,0.0,-2.9644204851752027,good,99.7,,insufficient,0.0,74.87522972972972,good,99.5,28.62235849056604,good,99.7,215.61886657101863,good,93.7,,insufficient,6.9,,no_data,0.0,,no_data,0.0,,no_data,0.0,,no_data,0.0,,no_data,0.0,,no_data,0.0,,no_data,0.0,,no_data,0.0,,no_data,0.0,,no_data,0.0,,no_data,0.0,,no_data,0.0,,no_data,0.0,,no_data,0.0,tier_4,2,2019,2020,1
Jorapokhar,Jharkhand,Jharkhand,2020,6,,insufficient,3.3,107.14569209039547,good,98.3,24.68998538011696,good,95.0,10.823260233918129,good,95.0,21.270527859237536,good,94.7,1.3246610169491524,good,98.3,9.058523391812866,good,95.0,41.59317596566523,good,97.1,,insufficient,0.0,-2.377132768361582,good,98.3,,insufficient,0.0,85.467697740113,good,98.3,28.501158192090394,good,98.3,216.634695035461,good,97.9,,insufficient,5.0,,no_data,0.0,,no_data,0.0,,no_data,0.0,,no_data,0.0,,no_data,0.0,,no_data,0.0,,no_data,0.0,,no_data,0.0,,no_data,0.0,,no_data,0.0,,no_data,0.0,,no_data,0.0,,no_data,0.0,,no_data,0.0,tier_4,2,2019,2020,1
Jorapokhar,Jharkhand,Jharkhand,2020,7,,insufficient,0.0,62.36632286995517,good,89.9,22.44287234042553,good,88.4,13.383820395738205,good,88.3,14.391766513056837,good,87.5,1.4341441441441443,good,89.5,7.847948328267479,good,88.4,23.51136023916293,good,89.9,,insufficient,0.0,-1.5505637982195846,good,90.6,,insufficient,0.0,91.78814540059346,good,90.6,28.092818991097918,good,90.6,192.75089686098656,good,89.9,,insufficient,9.7,,no_data,0.0,,no_data,0.0,,no_data,0.0,,no_data,0.0,,no_data,0.0,,no_data,0.0,,no_data,0.0,,no_data,0.0,,no_data,0.0,,no_data,0.0,,no_data,0.0,,no_data,0.0,,no_data,0.0,,no_data,0.0,tier_4,2,2019,2020,1
Jorapokhar,Jharkhand,Jharkhand,2020,8,,insufficient,0.0,23.098036303630362,good,81.5,6.910739495798318,good,80.0,6.623445378151262,good,80.0,14.22044850498339,good,80.9,1.231816578483245,good,76.2,6.466941176470588,good,80.0,48.36043408360129,good,83.6,,insufficient,0.0,-1.7009495548961424,good,90.6,,insufficient,0.0,91.35681008902075,good,90.6,28.142433234421365,good,90.6,195.331751497006,good,89.8,,insufficient,11.4,,no_data,0.0,,no_data,0.0,,no_data,0.0,,no_data,0.0,,no_data,0.0,,no_data,0.0,,no_data,0.0,,no_data,0.0,,no_data,0.0,,no_data,0.0,,no_data,0.0,,no_data,0.0,,no_data,0.0,,no_data,0.0,tier_4,2,2019,2020,1
Jorapokhar,Jharkhand,Jharkhand,2020,9,,insufficient,0.0,,insufficient,18.9,,insufficient,18.9,,insufficient,18.9,,insufficient,18.8,,insufficient,18.9,,insufficient,18.9,,insufficient,18.9,,insufficient,0.0,,insufficient,18.9,,insufficient,0.0,,insufficient,18.9,,insufficient,18.9,,insufficient,18.8,,insufficient,0.0,,no_data,0.0,,no_data,0.0,,no_data,0.0,,no_data,0.0,,no_data,0.0,,no_data,0.0,,no_data,0.0,,no_data,0.0,,no_data,0.0,,no_data,0.0,,no_data,0.0,,no_data,0.0,,no_data,0.0,,no_data,0.0,tier_4,2,2019,2020,1
Jorapokhar,Jharkhand,Jharkhand,2020,10,,insufficient,0.0,,insufficient,0.0,,insufficient,0.0,,insufficient,0.0,,insufficient,0.0,,insufficient,0.0,,insufficient,0.0,,insufficient,0.0,,insufficient,0.0,,insufficient,0.0,,insufficient,0.0,,insufficient,0.0,,insufficient,0.0,,insufficient,0.0,,insufficient,0.0,,no_data,0.0,,no_data,0.0,,no_data,0.0,,no_data,0.0,,no_data,0.0,,no_data,0.0,,no_data,0.0,,no_data,0.0,,no_data,0.0,,no_data,0.0,,no_data,0.0,,no_data,0.0,,no_data,0.0,,no_data,0.0,tier_4,2,2019,2020,1
Jorapokhar,Jharkhand,Jharkhand,2020,11,,insufficient,0.0,74.42777777777776,sparse,41.2,6.711966101694916,sparse,41.0,6.53097972972973,sparse,41.1,18.508271186440677,sparse,41.0,1.2029096989966555,sparse,41.5,6.431689189189189,sparse,41.1,24.547198581560284,sparse,39.2,,insufficient,0.0,-3.415276752767528,sparse,37.6,,insufficient,0.0,,insufficient,0.0,20.93956810631229,sparse,41.8,136.0688,sparse,41.7,993.4335172413794,sparse,40.3,,no_data,0.0,,no_data,0.0,,no_data,0.0,,no_data,0.0,,no_data,0.0,,no_data,0.0,,no_data,0.0,,no_data,0.0,,no_data,0.0,,no_data,0.0,,no_data,0.0,,no_data,0.0,,no_data,0.0,,no_data,0.0,tier_4,2,2019,2020,1
Jorapokhar,Jharkhand,Jharkhand,2020,12,,insufficient,0.0,141.98229862475443,good,68.4,6.701543086172345,good,67.1,6.534208416833667,good,67.1,20.673502935420743,good,68.7,1.2578227360308285,good,69.8,6.44122244488978,good,67.1,26.032202729044837,good,69.0,,insufficient,0.0,-3.3448846153846152,good,69.9,,insufficient,0.0,,insufficient,0.0,18.206218809980804,good,70.0,165.06637764932563,good,69.8,995.7887305699483,good,51.9,,no_data,0.0,,no_data,0.0,,no_data,0.0,,no_data,0.0,,no_data,0.0,,no_data,0.0,,no_data,0.0,,no_data,0.0,,no_data,0.0,,no_data,0.0,,no_data,0.0,,no_data,0.0,,no_data,0.0,,no_data,0.0,tier_4,2,2019,2020,1
Jorapokhar,Jharkhand,Jharkhand,2021,1,,insufficient,0.0,154.36728417266187,good,74.7,6.661286231884057,good,74.2,6.517228260869565,good,74.2,22.30222984562607,good,78.4,0.4932960893854748,good,72.2,6.444057971014493,good,74.2,23.697982905982904,good,78.6,,insufficient,0.0,-3.5126512455516017,good,75.5,,insufficient,0.0,,insufficient,0.0,18.32661921708185,good,75.5,159.225,good,75.5,,insufficient,15.3,,no_data,0.0,,no_data,0.0,,no_data,0.0,,no_data,0.0,,no_data,0.0,,no_data,0.0,,no_data,0.0,,no_data,0.0,,no_data,0.0,,no_data,0.0,,no_data,0.0,,no_data,0.0,,no_data,0.0,,no_data,0.0,tier_4,2,2019,2020,1
Jorapokhar,Jharkhand,Jharkhand,2021,2,,insufficient,0.0,77.426338028169,good,63.4,7.341344743276283,good,60.9,7.002166246851385,good,59.1,26.94834123222749,good,62.8,1.101315789473684,sparse,45.2,6.438826405867971,good,60.9,46.046712962962964,good,64.3,,insufficient,0.0,,insufficient,0.0,,insufficient,0.0,,insufficient,0.0,,insufficient,0.0,,insufficient,0.0,,insufficient,0.0,,no_data,0.0,,no_data,0.0,,no_data,0.0,,no_data,0.0,,no_data,0.0,,no_data,0.0,,no_data,0.0,,no_data,0.0,,no_data,0.0,,no_data,0.0,,no_data,0.0,,no_data,0.0,,no_data,0.0,,no_data,0.0,tier_4,2,2019,2020,1
Jorapokhar,Jharkhand,Jharkhand,2021,3,,insufficient,0.0,113.95805970149253,sparse,27.0,,insufficient,10.5,,insufficient,10.5,31.816562500000003,sparse,25.8,,insufficient,24.6,,insufficient,10.5,,insufficient,23.8,,insufficient,0.0,,insufficient,0.0,,insufficient,0.0,,insufficient,0.0,,insufficient,0.0,,insufficient,0.0,,insufficient,0.0,,no_data,0.0,,no_data,0.0,,no_data,0.0,,no_data,0.0,,no_data,0.0,,no_data,0.0,,no_data,0.0,,no_data,0.0,,no_data,0.0,,no_data,0.0,,no_data,0.0,,no_data,0.0,,no_data,0.0,,no_data,0.0,tier_4,2,2019,2020,1
Jorapokhar,Jharkhand,Jharkhand,2021,4,,insufficient,0.0,118.19427244582043,sparse,44.9,,insufficient,0.0,,insufficient,0.0,31.776485623003197,sparse,43.5,,insufficient,18.2,,insufficient,0.0,38.253797468354435,sparse,43.9,,insufficient,0.0,,insufficient,0.0,,insufficient,0.0,,insufficient,0.0,,insufficient,0.0,,insufficient,0.0,,insufficient,0.0,,no_data,0.0,,no_data,0.0,,no_data,0.0,,no_data,0.0,,no_data,0.0,,no_data,0.0,,no_data,0.0,,no_data,0.0,,no_data,0.0,,no_data,0.0,,no_data,0.0,,no_data,0.0,,no_data,0.0,,no_data,0.0,tier_4,2,2019,2020,1
Jorapokhar,Jharkhand,Jharkhand,2021,5,,insufficient,0.0,112.39996336996336,sparse,36.7,,insufficient,0.0,,insufficient,0.0,26.393464566929136,sparse,34.1,0.4898814229249012,sparse,34.0,,insufficient,0.0,29.957237354085603,sparse,34.5,,insufficient,0.0,,insufficient,0.0,,insufficient,0.0,,insufficient,0.0,,insufficient,0.0,,insufficient,0.0,,insufficient,0.0,,no_data,0.0,,no_data,0.0,,no_data,0.0,,no_data,0.0,,no_data,0.0,,no_data,0.0,,no_data,0.0,,no_data,0.0,,no_data,0.0,,no_data,0.0,,no_data,0.0,,no_data,0.0,,no_data,0.0,,no_data,0.0,tier_4,2,2019,2020,1
Jorapokhar,Jharkhand,Jharkhand,2021,6,,insufficient,0.0,90.6588617886179,sparse,34.2,,insufficient,0.0,,insufficient,0.0,20.7548828125,sparse,35.6,0.6893229166666667,sparse,26.7,,insufficient,0.0,20.462910447761193,sparse,37.2,,insufficient,0.0,,insufficient,0.0,,insufficient,0.0,,insufficient,0.0,,insufficient,0.0,,insufficient,0.0,,insufficient,0.0,,no_data,0.0,,no_data,0.0,,no_data,0.0,,no_data,0.0,,no_data,0.0,,no_data,0.0,,no_data,0.0,,no_data,0.0,,no_data,0.0,,no_data,0.0,,no_data,0.0,,no_data,0.0,,no_data,0.0,,no_data,0.0,tier_4,2,2019,2020,1
Jorapokhar,Jharkhand,Jharkhand,2021,7,,insufficient,0.0,,insufficient,24.2,,insufficient,0.0,,insufficient,0.0,,insufficient,23.1,,insufficient,21.9,,insufficient,0.0,,insufficient,24.5,,insufficient,0.0,,insufficient,0.0,,insufficient,0.0,,insufficient,0.0,,insufficient,0.0,,insufficient,0.0,,insufficient,0.0,,no_data,0.0,,no_data,0.0,,no_data,0.0,,no_data,0.0,,no_data,0.0,,no_data,0.0,,no_data,0.0,,no_data,0.0,,no_data,0.0,,no_data,0.0,,no_data,0.0,,no_data,0.0,,no_data,0.0,,no_data,0.0,tier_4,2,2019,2020,1
Jorapokhar,Jharkhand,Jharkhand,2021,8,,insufficient,0.0,,insufficient,4.4,,insufficient,0.0,,insufficient,0.0,,insufficient,3.5,,insufficient,4.3,,insufficient,0.0,,insufficient,3.9,,insufficient,0.0,,insufficient,0.0,,insufficient,0.0,,insufficient,0.0,,insufficient,0.0,,insufficient,0.0,,insufficient,0.0,,no_data,0.0,,no_data,0.0,,no_data,0.0,,no_data,0.0,,no_data,0.0,,no_data,0.0,,no_data,0.0,,no_data,0.0,,no_data,0.0,,no_data,0.0,,no_data,0.0,,no_data,0.0,,no_data,0.0,,no_data,0.0,tier_4,2,2019,2020,1
Jorapokhar,Jharkhand,Jharkhand,2021,9,,insufficient,0.0,,insufficient,7.9,,insufficient,0.0,,insufficient,0.0,,insufficient,8.1,,insufficient,1.5,,insufficient,0.0,,insufficient,7.8,,insufficient,0.0,,insufficient,0.0,,insufficient,0.0,,insufficient,0.0,,insufficient,0.0,,insufficient,0.0,,insufficient,0.0,,no_data,0.0,,no_data,0.0,,no_data,0.0,,no_data,0.0,,no_data,0.0,,no_data,0.0,,no_data,0.0,,no_data,0.0,,no_data,0.0,,no_data,0.0,,no_data,0.0,,no_data,0.0,,no_data,0.0,,no_data,0.0,tier_4,2,2019,2020,1
Jorapokhar,Jharkhand,Jharkhand,2021,10,,insufficient,0.0,,insufficient,4.4,,insufficient,0.0,,insufficient,0.0,,insufficient,5.5,,insufficient,0.0,,insufficient,0.0,,insufficient,5.5,,insufficient,0.0,,insufficient,0.0,,insufficient,0.0,,insufficient,0.0,,insufficient,0.0,,insufficient,0.0,,insufficient,0.0,,no_data,0.0,,no_data,0.0,,no_data,0.0,,no_data,0.0,,no_data,0.0,,no_data,0.0,,no_data,0.0,,no_data,0.0,,no_data,0.0,,no_data,0.0,,no_data,0.0,,no_data,0.0,,no_data,0.0,,no_data,0.0,tier_4,2,2019,2020,1
Jorapokhar,Jharkhand,Jharkhand,2021,11,,insufficient,0.0,68.86586956521741,sparse,38.3,,insufficient,0.0,,insufficient,0.0,13.0,sparse,37.1,,insufficient,0.0,,insufficient,0.0,21.66836501901141,sparse,36.5,,insufficient,0.0,,insufficient,0.0,,insufficient,0.0,,insufficient,0.0,,insufficient,0.0,,insufficient,0.0,,insufficient,0.0,,no_data,0.0,,no_data,0.0,,no_data,0.0,,no_data,0.0,,no_data,0.0,,no_data,0.0,,no_data,0.0,,no_data,0.0,,no_data,0.0,,no_data,0.0,,no_data,0.0,,no_data,0.0,,no_data,0.0,,no_data,0.0,tier_4,2,2019,2020,1
Jorapokhar,Jharkhand,Jharkhand,2021,12,,insufficient,0.0,,insufficient,24.5,,insufficient,0.0,,insufficient,0.0,13.0,sparse,31.6,1.4436283185840708,sparse,30.4,,insufficient,0.0,,insufficient,23.5,,insufficient,0.0,,insufficient,0.0,,insufficient,0.0,,insufficient,0.0,,insufficient,0.0,,insufficient,0.0,,insufficient,0.0,,no_data,0.0,,no_data,0.0,,no_data,0.0,,no_data,0.0,,no_data,0.0,,no_data,0.0,,no_data,0.0,,no_data,0.0,,no_data,0.0,,no_data,0.0,,no_data,0.0,,no_data,0.0,,no_data,0.0,,no_data,0.0,tier_4,2,2019,2020,1
Jorapokhar,Jharkhand,Jharkhand,2022,1,,insufficient,0.0,78.11373493975904,sparse,44.6,,insufficient,0.0,,insufficient,0.0,13.0,sparse,40.7,1.1381305637982195,sparse,45.3,,insufficient,0.0,24.95983333333333,sparse,40.3,,insufficient,0.0,,insufficient,0.0,,insufficient,0.0,,insufficient,0.0,,insufficient,0.0,,insufficient,0.0,,insufficient,0.0,,no_data,0.0,,no_data,0.0,,no_data,0.0,,no_data,0.0,,no_data,0.0,,no_data,0.0,,no_data,0.0,,no_data,0.0,,no_data,0.0,,no_data,0.0,,no_data,0.0,,no_data,0.0,,no_data,0.0,,no_data,0.0,tier_4,2,2019,2020,1
Jorapokhar,Jharkhand,Jharkhand,2022,2,,insufficient,0.0,,insufficient,5.2,,insufficient,0.0,,insufficient,0.0,,insufficient,4.5,,insufficient,5.4,,insufficient,0.0,,insufficient,2.4,,insufficient,0.0,,insufficient,0.0,,insufficient,0.0,,insufficient,0.0,,insufficient,0.0,,insufficient,0.0,,insufficient,0.0,,no_data,0.0,,no_data,0.0,,no_data,0.0,,no_data,0.0,,no_data,0.0,,no_data,0.0,,no_data,0.0,,no_data,0.0,,no_data,0.0,,no_data,0.0,,no_data,0.0,,no_data,0.0,,no_data,0.0,,no_data,0.0,tier_4,2,2019,2020,1
Jorapokhar,Jharkhand,Jharkhand,2022,3,,insufficient,0.0,,insufficient,0.0,,insufficient,0.0,,insufficient,0.0,,insufficient,0.0,,insufficient,0.0,,insufficient,0.0,,insufficient,0.0,,insufficient,0.0,,insufficient,0.0,,insufficient,0.0,,insufficient,0.0,,insufficient,0.0,,insufficient,0.0,,insufficient,0.0,,no_data,0.0,,no_data,0.0,,no_data,0.0,,no_data,0.0,,no_data,0.0,,no_data,0.0,,no_data,0.0,,no_data,0.0,,no_data,0.0,,no_data,0.0,,no_data,0.0,,no_data,0.0,,no_data,0.0,,no_data,0.0,tier_4,2,2019,2020,1
Jorapokhar,Jharkhand,Jharkhand,2022,4,,insufficient,0.0,,insufficient,2.8,,insufficient,0.0,,insufficient,0.0,,insufficient,0.7,,insufficient,3.2,,insufficient,0.0,,insufficient,0.8,,insufficient,0.0,,insufficient,0.0,,insufficient,0.0,,insufficient,0.0,,insufficient,0.0,,insufficient,0.0,,insufficient,0.0,,no_data,0.0,,no_data,0.0,,no_data,0.0,,no_data,0.0,,no_data,0.0,,no_data,0.0,,no_data,0.0,,no_data,0.0,,no_data,0.0,,no_data,0.0,,no_data,0.0,,no_data,0.0,,no_data,0.0,,no_data,0.0,tier_4,2,2019,2020,1
Jorapokhar,Jharkhand,Jharkhand,2022,5,,insufficient,0.0,,insufficient,7.0,,insufficient,0.0,,insufficient,0.0,,insufficient,3.6,,insufficient,6.9,,insufficient,0.0,,insufficient,5.5,,insufficient,0.0,,insufficient,0.0,,insufficient,0.0,,insufficient,0.0,,insufficient,0.0,,insufficient,0.0,,insufficient,0.0,,no_data,0.0,,no_data,0.0,,no_data,0.0,,no_data,0.0,,no_data,0.0,,no_data,0.0,,no_data,0.0,,no_data,0.0,,no_data,0.0,,no_data,0.0,,no_data,0.0,,no_data,0.0,,no_data,0.0,,no_data,0.0,tier_4,2,2019,2020,1
Jorapokhar,Jharkhand,Jharkhand,2022,6,,insufficient,0.0,,insufficient,1.1,,insufficient,0.0,,insufficient,0.0,,insufficient,1.1,,insufficient,0.0,,insufficient,0.0,,insufficient,1.1,,insufficient,0.0,,insufficient,0.0,,insufficient,0.0,,insufficient,0.0,,insufficient,0.0,,insufficient,0.0,,insufficient,0.0,,no_data,0.0,,no_data,0.0,,no_data,0.0,,no_data,0.0,,no_data,0.0,,no_data,0.0,,no_data,0.0,,no_data,0.0,,no_data,0.0,,no_data,0.0,,no_data,0.0,,no_data,0.0,,no_data,0.0,,no_data,0.0,tier_4,2,2019,2020,1
Jorapokhar,Jharkhand,Jharkhand,2022,7,,insufficient,0.0,,insufficient,0.0,,insufficient,0.0,,insufficient,0.0,,insufficient,0.0,,insufficient,0.0,,insufficient,0.0,,insufficient,0.0,,insufficient,0.0,,insufficient,0.0,,insufficient,0.0,,insufficient,0.0,,insufficient,0.0,,insufficient,0.0,,insufficient,0.0,,no_data,0.0,,no_data,0.0,,no_data,0.0,,no_data,0.0,,no_data,0.0,,no_data,0.0,,no_data,0.0,,no_data,0.0,,no_data,0.0,,no_data,0.0,,no_data,0.0,,no_data,0.0,,no_data,0.0,,no_data,0.0,tier_4,2,2019,2020,1
Jorapokhar,Jharkhand,Jharkhand,2022,8,,insufficient,0.0,,insufficient,0.3,,insufficient,0.0,,insufficient,0.0,,insufficient,1.3,,insufficient,0.0,,insufficient,0.0,,insufficient,1.3,,insufficient,0.0,,insufficient,0.0,,insufficient,0.0,,insufficient,0.0,,insufficient,0.0,,insufficient,0.0,,insufficient,0.0,,no_data,0.0,,no_data,0.0,,no_data,0.0,,no_data,0.0,,no_data,0.0,,no_data,0.0,,no_data,0.0,,no_data,0.0,,no_data,0.0,,no_data,0.0,,no_data,0.0,,no_data,0.0,,no_data,0.0,,no_data,0.0,tier_4,2,2019,2020,1
Jorapokhar,Jharkhand,Jharkhand,2022,9,,insufficient,0.0,,insufficient,0.0,,insufficient,0.4,,insufficient,0.4,,insufficient,0.4,,insufficient,2.6,,insufficient,0.4,,insufficient,0.0,,insufficient,3.2,,insufficient,2.6,,insufficient,0.0,,insufficient,0.8,,insufficient,0.4,,insufficient,0.0,,insufficient,0.0,,no_data,0.0,,no_data,0.0,,no_data,0.0,,no_data,0.0,,no_data,0.0,,no_data,0.0,,no_data,0.0,,no_data,0.0,,no_data,0.0,,no_data,0.0,,no_data,0.0,,no_data,0.0,,no_data,0.0,,no_data,0.0,tier_4,2,2019,2020,1
Jorapokhar,Jharkhand,Jharkhand,2022,10,,insufficient,0.0,123.355875,sparse,43.0,,insufficient,17.7,,insufficient,17.7,,insufficient,19.2,1.2527462686567163,sparse,45.0,,insufficient,17.7,,insufficient,18.3,,insufficient,1.3,-2.576791277258567,sparse,43.1,,insufficient,0.0,26.40753472222222,sparse,38.7,26.19986111111111,sparse,38.7,,insufficient,0.0,,insufficient,0.0,,no_data,0.0,,no_data,0.0,,no_data,0.0,,no_data,0.0,,no_data,0.0,,no_data,0.0,,no_data,0.0,,no_data,0.0,,no_data,0.0,,no_data,0.0,,no_data,0.0,,no_data,0.0,,no_data,0.0,,no_data,0.0,tier_4,2,2019,2020,1
Jorapokhar,Jharkhand,Jharkhand,2022,11,,insufficient,0.0,,insufficient,18.8,,insufficient,12.6,,insufficient,12.6,,insufficient,11.9,,insufficient,17.6,,insufficient,12.6,,insufficient,12.5,,insufficient,0.0,,insufficient,19.4,,insufficient,0.0,,insufficient,19.4,,insufficient,19.4,,insufficient,0.0,,insufficient,0.0,,no_data,0.0,,no_data,0.0,,no_data,0.0,,no_data,0.0,,no_data,0.0,,no_data,0.0,,no_data,0.0,,no_data,0.0,,no_data,0.0,,no_data,0.0,,no_data,0.0,,no_data,0.0,,no_data,0.0,,no_data,0.0,tier_4,2,2019,2020,1
Jorapokhar,Jharkhand,Jharkhand,2022,12,,insufficient,0.0,,insufficient,12.6,,insufficient,12.6,,insufficient,12.6,,insufficient,12.1,,insufficient,16.3,,insufficient,12.6,,insufficient,12.0,,insufficient,0.9,,insufficient,17.6,,insufficient,0.0,,insufficient,16.8,,insufficient,16.8,,insufficient,0.0,,insufficient,0.0,,no_data,0.0,,no_data,0.0,,no_data,0.0,,no_data,0.0,,no_data,0.0,,no_data,0.0,,no_data,0.0,,no_data,0.0,,no_data,0.0,,no_data,0.0,,no_data,0.0,,no_data,0.0,,no_data,0.0,,no_data,0.0,tier_4,2,2019,2020,1
Jorapokhar,Jharkhand,Jharkhand,2023,1,,insufficient,0.0,213.8075574112735,good,64.4,4.275190156599553,good,60.1,3.9601351351351357,sparse,49.7,18.276136865342163,good,60.9,1.306290322580645,good,66.7,11.916666666666666,good,60.1,28.637410526315794,good,63.8,0.6432335329341318,sparse,44.9,-2.315936883629191,good,68.1,,insufficient,0.0,32.68124223602484,good,64.9,19.508426501035196,good,64.9,,insufficient,0.0,,insufficient,0.0,,no_data,0.0,,no_data,0.0,,no_data,0.0,,no_data,0.0,,no_data,0.0,,no_data,0.0,,no_data,0.0,,no_data,0.0,,no_data,0.0,,no_data,0.0,,no_data,0.0,,no_data,0.0,,no_data,0.0,,no_data,0.0,tier_4,2,2019,2020,1
Jorapokhar,Jharkhand,Jharkhand,2023,2,,insufficient,0.0,198.9727575757576,good,98.2,6.253021472392637,good,97.0,13.48253125,good,95.2,25.975419968304276,good,93.9,1.5964090909090907,good,98.2,3.4312730061349703,good,97.0,20.893851132686084,good,92.0,0.2828462709284627,good,97.8,-2.8144242424242423,good,98.2,,insufficient,0.0,41.0860303030303,good,98.2,21.765090909090908,good,98.2,,insufficient,0.0,,insufficient,0.0,,no_data,0.0,,no_data,0.0,,no_data,0.0,,no_data,0.0,,no_data,0.0,,no_data,0.0,,no_data,0.0,,no_data,0.0,,no_data,0.0,,no_data,0.0,,no_data,0.0,,no_data,0.0,,no_data,0.0,,no_data,0.0,tier_4,2,2019,2020,1
Jorapokhar,Jharkhand,Jharkhand,2023,3,,insufficient,0.0,155.67910130718954,good,82.3,6.0862585034013605,good,79.0,13.248078231292517,good,79.0,30.06277486910995,good,77.0,1.8465960912052117,good,82.5,2.3862244897959184,good,79.0,45.43192371475954,good,81.0,0.317869918699187,good,82.7,-2.9329870129870126,good,82.8,,insufficient,0.0,46.97668292682927,good,82.7,25.602325203252033,good,82.7,,insufficient,0.0,,insufficient,0.0,,no_data,0.0,,no_data,0.0,,no_data,0.0,,no_data,0.0,,no_data,0.0,,no_data,0.0,,no_data,0.0,,no_data,0.0,,no_data,0.0,,no_data,0.0,,no_data,0.0,,no_data,0.0,,no_data,0.0,,no_data,0.0,tier_4,2,2019,2020,1
