city,state,state_original,year,month,PM2.5 (ug/m3)_mean,PM2.5 (ug/m3)_flag,PM2.5 (ug/m3)_coverage_pct,PM10 (ug/m3)_mean,PM10 (ug/m3)_flag,PM10 (ug/m3)_coverage_pct,NO (ug/m3)_mean,NO (ug/m3)_flag,NO (ug/m3)_coverage_pct,NO2 (ug/m3)_mean,NO2 (ug/m3)_flag,NO2 (ug/m3)_coverage_pct,NOx (ppb)_mean,NOx (ppb)_flag,NOx (ppb)_coverage_pct,SO2 (ug/m3)_mean,SO2 (ug/m3)_flag,SO2 (ug/m3)_coverage_pct,CO (mg/m3)_mean,CO (mg/m3)_flag,CO (mg/m3)_coverage_pct,WS (m/s)_mean,WS (m/s)_flag,WS (m/s)_coverage_pct,WD (degree)_mean,WD (degree)_flag,WD (degree)_coverage_pct,RH (%)_mean,RH (%)_flag,RH (%)_coverage_pct,SR (W/mt2)_mean,SR (W/mt2)_flag,SR (W/mt2)_coverage_pct,RF (mm)_mean,RF (mm)_flag,RF (mm)_coverage_pct,BP (mmHg)_mean,BP (mmHg)_flag,BP (mmHg)_coverage_pct,NH3 (ug/m3)_mean,NH3 (ug/m3)_flag,NH3 (ug/m3)_coverage_pct,Ozone (ug/m3)_mean,Ozone (ug/m3)_flag,Ozone (ug/m3)_coverage_pct,Benzene (ug/m3)_mean,Benzene (ug/m3)_flag,Benzene (ug/m3)_coverage_pct,Toluene (ug/m3)_mean,Toluene (ug/m3)_flag,Toluene (ug/m3)_coverage_pct,Eth-Benzene (ug/m3)_mean,Eth-Benzene (ug/m3)_flag,Eth-Benzene (ug/m3)_coverage_pct,MP-Xylene (ug/m3)_mean,MP-Xylene (ug/m3)_flag,MP-Xylene (ug/m3)_coverage_pct,O Xylene (ug/m3)_mean,O Xylene (ug/m3)_flag,O Xylene (ug/m3)_coverage_pct,Xylene (ug/m3)_mean,Xylene (ug/m3)_flag,Xylene (ug/m3)_coverage_pct,AT (degree C)_mean,AT (degree C)_flag,AT (degree C)_coverage_pct,CH4 (ug/m3)_mean,CH4 (ug/m3)_flag,CH4 (ug/m3)_coverage_pct,NMHC (ug/m3)_mean,NMHC (ug/m3)_flag,NMHC (ug/m3)_coverage_pct,THC (ug/m3)_mean,THC (ug/m3)_flag,THC (ug/m3)_coverage_pct,CO2 (mg/m3)_mean,CO2 (mg/m3)_flag,CO2 (mg/m3)_coverage_pct,HCHO (ug/m3)_mean,HCHO (ug/m3)_flag,HCHO (ug/m3)_coverage_pct,Hg (ug/m3)_mean,Hg (ug/m3)_flag,Hg (ug/m3)_coverage_pct,SPM (ug/m3)_mean,SPM (ug/m3)_flag,SPM (ug/m3)_coverage_pct,data_quality_tier,actual_data_years,data_first_year,data_last_year,n_stations
Rupnagar,Punjab,Punjab,2018,4,,insufficient,14.7,,insufficient,14.3,,insufficient,0.1,,insufficient,12.6,,insufficient,0.1,,insufficient,14.3,,insufficient,14.3,,insufficient,0.0,,insufficient,0.0,,insufficient,0.0,,insufficient,0.0,,insufficient,0.1,,insufficient,0.1,,no_data,0.0,,no_data,0.0,,no_data,0.0,,no_data,0.0,,no_data,0.0,,no_data,0.0,,no_data,0.0,,no_data,0.0,,no_data,0.0,,no_data,0.0,,no_data,0.0,,no_data,0.0,,no_data,0.0,,no_data,0.0,,no_data,0.0,,no_data,0.0,tier_2,6,2018,2023,1
Rupnagar,Punjab,Punjab,2018,5,47.50559032716927,good,94.5,132.56259361997226,good,96.9,,insufficient,0.4,13.593299120234606,good,91.7,,insufficient,0.4,7.76259831460674,good,95.7,0.5215331491712708,good,97.3,,insufficient,0.0,,insufficient,0.0,,insufficient,0.0,,insufficient,0.0,,insufficient,0.4,,insufficient,0.4,,no_data,0.0,,no_data,0.0,,no_data,0.0,,no_data,0.0,,no_data,0.0,,no_data,0.0,,no_data,0.0,,no_data,0.0,,no_data,0.0,,no_data,0.0,,no_data,0.0,,no_data,0.0,,no_data,0.0,,no_data,0.0,,no_data,0.0,,no_data,0.0,tier_2,6,2018,2023,1
Rupnagar,Punjab,Punjab,2018,6,65.92004347826087,good,95.8,148.61555555555555,good,92.5,,insufficient,0.0,11.807867647058822,good,94.4,,insufficient,0.0,7.445192582025678,good,97.4,0.5252074391988555,good,97.1,,insufficient,0.0,,insufficient,0.0,,insufficient,0.0,,insufficient,0.0,,insufficient,0.0,,insufficient,0.0,,no_data,0.0,,no_data,0.0,,no_data,0.0,,no_data,0.0,,no_data,0.0,,no_data,0.0,,no_data,0.0,,no_data,0.0,,no_data,0.0,,no_data,0.0,,no_data,0.0,,no_data,0.0,,no_data,0.0,,no_data,0.0,,no_data,0.0,,no_data,0.0,tier_2,6,2018,2023,1
Rupnagar,Punjab,Punjab,2018,7,47.6757475994513,good,98.0,72.40568965517241,good,70.2,7.744449152542373,good,95.2,9.571039136302293,good,99.6,17.249802259887005,good,95.2,8.29872311827957,good,100.0,0.5248118279569893,good,100.0,,insufficient,0.0,,insufficient,0.0,,insufficient,0.0,,insufficient,0.0,0.0,good,95.2,947.9656160458453,good,93.8,,no_data,0.0,,no_data,0.0,,no_data,0.0,,no_data,0.0,,no_data,0.0,,no_data,0.0,,no_data,0.0,,no_data,0.0,,no_data,0.0,,no_data,0.0,,no_data,0.0,,no_data,0.0,,no_data,0.0,,no_data,0.0,,no_data,0.0,,no_data,0.0,tier_2,6,2018,2023,1
Rupnagar,Punjab,Punjab,2018,8,32.12214285714286,good,82.8,71.27248021108178,good,50.9,9.20120178041543,good,90.6,10.760816023738874,good,90.6,20.08507418397626,good,90.6,3.62,good,90.7,0.5296000000000001,good,90.7,,insufficient,0.0,,insufficient,0.0,,insufficient,0.0,,insufficient,0.0,0.0,good,90.7,948.0,good,88.7,,no_data,0.0,,no_data,0.0,,no_data,0.0,,no_data,0.0,,no_data,0.0,,no_data,0.0,,no_data,0.0,,no_data,0.0,,no_data,0.0,,no_data,0.0,,no_data,0.0,,no_data,0.0,,no_data,0.0,,no_data,0.0,,no_data,0.0,,no_data,0.0,tier_2,6,2018,2023,1
Rupnagar,Punjab,Punjab,2018,9,32.28438888888889,good,100.0,105.56462857142857,good,72.9,10.00325,good,100.0,13.047027777777778,good,100.0,22.948694444444445,good,100.0,2.518375,good,100.0,0.5326666666666666,good,100.0,,insufficient,0.0,,insufficient,0.0,,insufficient,0.0,,insufficient,0.0,0.0,good,100.0,948.8920056100982,good,99.0,,no_data,0.0,,no_data,0.0,,no_data,0.0,,no_data,0.0,,no_data,0.0,,no_data,0.0,,no_data,0.0,,no_data,0.0,,no_data,0.0,,no_data,0.0,,no_data,0.0,,no_data,0.0,,no_data,0.0,,no_data,0.0,,no_data,0.0,,no_data,0.0,tier_2,6,2018,2023,1
Rupnagar,Punjab,Punjab,2018,10,47.26409703504043,good,99.7,115.90967567567569,good,99.5,8.333962264150943,good,99.7,13.37766846361186,good,99.7,21.595060565275908,good,99.9,4.341935047361299,good,99.3,0.530807537012113,good,99.9,,insufficient,0.0,,insufficient,0.0,,insufficient,0.0,,insufficient,0.0,0.0,good,99.9,951.219512195122,good,99.2,,no_data,0.0,,no_data,0.0,,no_data,0.0,,no_data,0.0,,no_data,0.0,,no_data,0.0,,no_data,0.0,,no_data,0.0,,no_data,0.0,,no_data,0.0,,no_data,0.0,,no_data,0.0,,no_data,0.0,,no_data,0.0,,no_data,0.0,,no_data,0.0,tier_2,6,2018,2023,1
Rupnagar,Punjab,Punjab,2018,11,59.76001390820585,good,99.9,121.41112656467314,good,99.9,6.879262865090404,good,99.9,13.16751043115438,good,99.9,19.990528511821974,good,99.9,7.13778859527121,good,99.9,0.5179276773296244,good,99.9,,insufficient,0.0,,insufficient,0.0,,insufficient,0.0,,insufficient,0.0,0.0,good,99.9,946.5734265734266,good,99.3,,no_data,0.0,,no_data,0.0,,no_data,0.0,,no_data,0.0,,no_data,0.0,,no_data,0.0,,no_data,0.0,,no_data,0.0,,no_data,0.0,,no_data,0.0,,no_data,0.0,,no_data,0.0,,no_data,0.0,,no_data,0.0,,no_data,0.0,,no_data,0.0,tier_2,6,2018,2023,1
Rupnagar,Punjab,Punjab,2018,12,63.78569892473118,good,100.0,130.33493131868133,good,97.8,5.464179104477612,good,99.1,13.32742198100407,good,99.1,18.51315860215054,good,100.0,7.072849462365591,good,100.0,0.5146774193548387,good,100.0,,insufficient,0.0,,insufficient,0.0,,insufficient,0.0,,insufficient,0.0,0.0,good,100.0,950.6325706594886,good,99.9,,no_data,0.0,,no_data,0.0,,no_data,0.0,,no_data,0.0,,no_data,0.0,,no_data,0.0,,no_data,0.0,,no_data,0.0,,no_data,0.0,,no_data,0.0,,no_data,0.0,,no_data,0.0,,no_data,0.0,,no_data,0.0,,no_data,0.0,,no_data,0.0,tier_2,6,2018,2023,1
Rupnagar,Punjab,Punjab,2019,1,62.60521621621622,good,99.5,104.81740890688259,good,99.6,5.201954177897574,good,99.7,13.522943548387097,good,100.0,18.70055107526882,good,100.0,7.154543010752689,good,100.0,0.4824462365591399,good,100.0,,insufficient,0.0,,insufficient,0.0,,insufficient,0.0,,insufficient,0.0,0.0,good,100.0,952.5506072874493,good,99.6,,no_data,0.0,,no_data,0.0,,no_data,0.0,,no_data,0.0,,no_data,0.0,,no_data,0.0,,no_data,0.0,,no_data,0.0,,no_data,0.0,,no_data,0.0,,no_data,0.0,,no_data,0.0,,no_data,0.0,,no_data,0.0,,no_data,0.0,,no_data,0.0,tier_2,6,2018,2023,1
Rupnagar,Punjab,Punjab,2019,2,47.49603318250377,good,98.7,74.65324574961359,good,96.3,6.220924499229584,good,96.6,13.601071975497703,good,97.2,19.19248511904762,good,100.0,7.069806547619048,good,100.0,0.3853571428571429,good,100.0,,insufficient,0.0,,insufficient,0.0,,insufficient,0.0,,insufficient,0.0,0.0,good,99.9,951.0581222056632,good,99.9,,no_data,0.0,,no_data,0.0,,no_data,0.0,,no_data,0.0,,no_data,0.0,,no_data,0.0,,no_data,0.0,,no_data,0.0,,no_data,0.0,,no_data,0.0,,no_data,0.0,,no_data,0.0,,no_data,0.0,,no_data,0.0,,no_data,0.0,,no_data,0.0,tier_2,6,2018,2023,1
Rupnagar,Punjab,Punjab,2019,3,46.93445603576751,good,90.2,115.74484349258648,good,81.6,10.35640866873065,good,86.8,9.469922600619196,good,86.8,16.497479564032698,good,98.7,7.1424965893587995,good,98.5,0.38538881309686224,good,98.5,,insufficient,0.0,,insufficient,0.0,,insufficient,0.0,,insufficient,0.0,0.0,good,98.7,945.474552957359,good,97.7,,no_data,0.0,,no_data,0.0,,no_data,0.0,,no_data,0.0,,no_data,0.0,,no_data,0.0,,no_data,0.0,,no_data,0.0,,no_data,0.0,,no_data,0.0,,no_data,0.0,,no_data,0.0,,no_data,0.0,,no_data,0.0,,no_data,0.0,,no_data,0.0,tier_2,6,2018,2023,1
Rupnagar,Punjab,Punjab,2019,4,43.822334869431636,good,90.4,63.68013961605583,good,79.6,11.726032689450221,good,93.5,6.948185776487663,good,95.7,18.508328530259366,good,96.4,7.323569364161849,good,96.1,0.36866859623733717,good,96.0,,insufficient,0.0,,insufficient,0.0,,insufficient,0.0,,insufficient,0.1,0.0,good,95.7,948.1739130434783,good,95.8,,no_data,0.0,,no_data,0.0,,no_data,0.0,,no_data,0.0,,no_data,0.0,,no_data,0.0,,no_data,0.0,,no_data,0.0,,no_data,0.0,,no_data,0.0,,no_data,0.0,,no_data,0.0,,no_data,0.0,,no_data,0.0,,no_data,0.0,,no_data,0.0,tier_2,6,2018,2023,1
Rupnagar,Punjab,Punjab,2019,5,72.22631067961164,good,96.9,115.74014184397164,good,94.8,10.817727952167415,good,89.9,6.336718506998444,good,86.4,15.053638850889191,good,98.3,8.841179698216736,good,98.0,0.21506944444444442,good,96.8,,insufficient,0.0,,insufficient,0.0,,insufficient,0.0,,insufficient,0.3,0.0,good,97.8,950.7692307692307,good,97.8,,no_data,0.0,,no_data,0.0,,no_data,0.0,,no_data,0.0,,no_data,0.0,,no_data,0.0,,no_data,0.0,,no_data,0.0,,no_data,0.0,,no_data,0.0,,no_data,0.0,,no_data,0.0,,no_data,0.0,,no_data,0.0,,no_data,0.0,,no_data,0.0,tier_2,6,2018,2023,1
Rupnagar,Punjab,Punjab,2019,6,51.89605974395448,good,97.6,113.80055555555556,good,97.5,13.145800561797754,good,98.9,1.6135342019543972,good,85.3,12.409957983193278,good,99.2,8.062921348314605,good,98.9,0.215169014084507,good,98.6,,insufficient,0.0,,insufficient,0.0,,insufficient,0.0,,insufficient,0.0,0.0,good,99.2,951.4772727272727,good,97.8,,no_data,0.0,,no_data,0.0,,no_data,0.0,,no_data,0.0,,no_data,0.0,,no_data,0.0,,no_data,0.0,,no_data,0.0,,no_data,0.0,,no_data,0.0,,no_data,0.0,,no_data,0.0,,no_data,0.0,,no_data,0.0,,no_data,0.0,,no_data,0.0,tier_2,6,2018,2023,1
Rupnagar,Punjab,Punjab,2019,7,40.29998641304347,good,98.9,74.0173461012312,good,98.3,10.440456989247313,good,100.0,6.624755927475593,good,96.4,14.763104838709678,good,100.0,4.984825268817205,good,100.0,0.19715481171548116,good,96.4,,insufficient,0.0,,insufficient,0.0,,insufficient,0.0,,insufficient,0.0,0.0,good,100.0,951.6016150740243,good,99.9,,no_data,0.0,,no_data,0.0,,no_data,0.0,,no_data,0.0,,no_data,0.0,,no_data,0.0,,no_data,0.0,,no_data,0.0,,no_data,0.0,,no_data,0.0,,no_data,0.0,,no_data,0.0,,no_data,0.0,,no_data,0.0,,no_data,0.0,,no_data,0.0,tier_2,6,2018,2023,1
Rupnagar,Punjab,Punjab,2019,8,30.658551912568303,good,98.4,70.6629589041096,good,98.1,4.398581173260573,good,98.5,12.504174624829467,good,98.5,15.386761904761906,good,98.8,8.424502046384722,good,98.5,0.18216178521617854,good,96.4,,insufficient,0.0,,insufficient,0.0,,insufficient,0.0,,insufficient,0.8,0.0,good,98.8,932.9411764705883,good,82.3,,no_data,0.0,,no_data,0.0,,no_data,0.0,,no_data,0.0,,no_data,0.0,,no_data,0.0,,no_data,0.0,,no_data,0.0,,no_data,0.0,,no_data,0.0,,no_data,0.0,,no_data,0.0,,no_data,0.0,,no_data,0.0,,no_data,0.0,,no_data,0.0,tier_2,6,2018,2023,1
Rupnagar,Punjab,Punjab,2019,9,37.67109530583215,good,97.6,80.15516358463726,good,97.6,5.435127118644068,good,98.3,8.627146892655368,good,98.3,13.495338028169012,good,98.6,8.409024045261669,good,98.2,0.24327659574468083,good,97.9,,insufficient,0.0,,insufficient,0.0,,insufficient,0.0,,insufficient,0.3,0.0,good,98.6,952.8611898016998,good,98.1,,no_data,0.0,,no_data,0.0,,no_data,0.0,,no_data,0.0,,no_data,0.0,,no_data,0.0,,no_data,0.0,,no_data,0.0,,no_data,0.0,,no_data,0.0,,no_data,0.0,,no_data,0.0,,no_data,0.0,,no_data,0.0,,no_data,0.0,,no_data,0.0,tier_2,6,2018,2023,1
Rupnagar,Punjab,Punjab,2019,10,55.17599451303155,good,98.0,106.3992729766804,good,98.0,5.806707317073172,good,99.2,6.517113821138212,good,99.2,11.370067567567569,good,99.5,9.440407055630937,good,99.1,0.23472899728997293,good,99.2,,insufficient,0.0,,insufficient,0.0,,insufficient,0.0,,insufficient,0.3,0.0,good,99.5,948.2022471910112,good,95.7,,no_data,0.0,,no_data,0.0,,no_data,0.0,,no_data,0.0,,no_data,0.0,,no_data,0.0,,no_data,0.0,,no_data,0.0,,no_data,0.0,,no_data,0.0,,no_data,0.0,,no_data,0.0,,no_data,0.0,,no_data,0.0,,no_data,0.0,,no_data,0.0,tier_2,6,2018,2023,1
Rupnagar,Punjab,Punjab,2019,11,91.69241791044776,good,93.1,173.775122324159,good,90.8,6.222629370629369,good,99.3,3.7880419580419584,good,99.3,9.61361111111111,good,100.0,9.910839160839162,good,99.3,0.23924157303370788,good,98.9,,insufficient,0.0,,insufficient,0.0,,insufficient,0.0,,insufficient,0.6,0.0,good,100.0,949.5505617977528,good,98.9,,no_data,0.0,,no_data,0.0,,no_data,0.0,,no_data,0.0,,no_data,0.0,,no_data,0.0,,no_data,0.0,,no_data,0.0,,no_data,0.0,,no_data,0.0,,no_data,0.0,,no_data,0.0,,no_data,0.0,,no_data,0.0,,no_data,0.0,,no_data,0.0,tier_2,6,2018,2023,1
Rupnagar,Punjab,Punjab,2019,12,61.54653116531165,good,99.2,108.95879403794038,good,99.2,3.852086720867209,good,99.2,5.261260162601626,good,99.2,8.998565629228688,good,99.3,9.807533875338754,good,99.2,0.23964788732394368,good,95.4,,insufficient,0.0,,insufficient,0.0,,insufficient,0.0,,insufficient,0.0,0.0,good,99.3,933.3333333333334,good,96.8,,no_data,0.0,,no_data,0.0,,no_data,0.0,,no_data,0.0,,no_data,0.0,,no_data,0.0,,no_data,0.0,,no_data,0.0,,no_data,0.0,,no_data,0.0,,no_data,0.0,,no_data,0.0,,no_data,0.0,,no_data,0.0,,no_data,0.0,,no_data,0.0,tier_2,6,2018,2023,1
Rupnagar,Punjab,Punjab,2020,1,53.81818548387096,good,100.0,103.52120967741935,good,100.0,4.091075268817205,good,100.0,5.070846774193549,good,100.0,9.103602150537634,good,100.0,10.126236559139786,good,100.0,0.22354253835425383,good,96.4,,insufficient,0.0,,insufficient,0.0,,insufficient,0.0,,insufficient,0.0,0.0,good,100.0,948.6486486486486,good,99.5,,no_data,0.0,,no_data,0.0,,no_data,0.0,,no_data,0.0,,no_data,0.0,,no_data,0.0,,no_data,0.0,,no_data,0.0,,no_data,0.0,,no_data,0.0,,no_data,0.0,,no_data,0.0,,no_data,0.0,,no_data,0.0,,no_data,0.0,,no_data,0.0,tier_2,6,2018,2023,1
Rupnagar,Punjab,Punjab,2020,2,51.16365467625899,good,99.9,106.8626762589928,good,99.9,5.0530890804597695,good,100.0,4.101982758620689,good,100.0,9.125933908045976,good,100.0,10.032399425287355,good,100.0,0.2474014598540146,good,98.4,,insufficient,0.0,,insufficient,0.0,,insufficient,0.0,,insufficient,0.0,0.0,good,100.0,948.2589928057554,good,99.9,,no_data,0.0,,no_data,0.0,,no_data,0.0,,no_data,0.0,,no_data,0.0,,no_data,0.0,,no_data,0.0,,no_data,0.0,,no_data,0.0,,no_data,0.0,,no_data,0.0,,no_data,0.0,,no_data,0.0,,no_data,0.0,,no_data,0.0,,no_data,0.0,tier_2,6,2018,2023,1
Rupnagar,Punjab,Punjab,2020,3,39.46182068965517,good,97.4,77.30820689655172,good,97.4,9.012746955345062,good,99.3,8.986941813261163,good,99.3,17.842029569892475,good,100.0,8.194341397849463,good,100.0,0.35824324324324325,good,99.5,,insufficient,0.0,,insufficient,0.0,,insufficient,0.0,,insufficient,0.0,0.0,good,100.0,952.2371967654987,good,99.7,,no_data,0.0,,no_data,0.0,,no_data,0.0,,no_data,0.0,,no_data,0.0,,no_data,0.0,,no_data,0.0,,no_data,0.0,,no_data,0.0,,no_data,0.0,,no_data,0.0,,no_data,0.0,,no_data,0.0,,no_data,0.0,,no_data,0.0,,no_data,0.0,tier_2,6,2018,2023,1
Rupnagar,Punjab,Punjab,2020,4,24.8607223796034,good,98.1,46.823239038189534,good,98.2,10.461321279554937,good,99.9,9.393546592489567,good,99.9,19.81155771905424,good,99.9,8.602472222222222,good,100.0,0.3738247566063978,good,99.9,,insufficient,0.0,,insufficient,0.0,,insufficient,0.0,,insufficient,0.0,0.0,good,100.0,953.6578581363004,good,99.9,,no_data,0.0,,no_data,0.0,,no_data,0.0,,no_data,0.0,,no_data,0.0,,no_data,0.0,,no_data,0.0,,no_data,0.0,,no_data,0.0,,no_data,0.0,,no_data,0.0,,no_data,0.0,,no_data,0.0,,no_data,0.0,,no_data,0.0,,no_data,0.0,tier_2,6,2018,2023,1
Rupnagar,Punjab,Punjab,2020,5,50.11732704402516,good,85.5,83.26248427672957,good,85.5,15.072500000000002,good,98.9,5.193891213389122,good,96.4,19.612956989247312,good,100.0,9.152701612903227,good,100.0,0.3666307277628032,good,99.7,,insufficient,0.0,,insufficient,0.0,,insufficient,0.0,,insufficient,0.0,0.0,good,100.0,950.2964959568733,good,99.7,,no_data,0.0,,no_data,0.0,,no_data,0.0,,no_data,0.0,,no_data,0.0,,no_data,0.0,,no_data,0.0,,no_data,0.0,,no_data,0.0,,no_data,0.0,,no_data,0.0,,no_data,0.0,,no_data,0.0,,no_data,0.0,,no_data,0.0,,no_data,0.0,tier_2,6,2018,2023,1
Rupnagar,Punjab,Punjab,2020,6,40.856584234930445,good,89.9,81.12483771251932,good,89.9,16.054958217270197,good,99.7,10.374895397489539,good,99.6,23.44376388888889,good,100.0,8.615125348189414,good,99.7,0.36587412587412593,good,99.3,,insufficient,0.0,,insufficient,0.0,,insufficient,0.0,,insufficient,0.3,0.0,good,100.0,951.2970711297071,good,99.6,,no_data,0.0,,no_data,0.0,,no_data,0.0,,no_data,0.0,,no_data,0.0,,no_data,0.0,,no_data,0.0,,no_data,0.0,,no_data,0.0,,no_data,0.0,,no_data,0.0,,no_data,0.0,,no_data,0.0,,no_data,0.0,,no_data,0.0,,no_data,0.0,tier_2,6,2018,2023,1
Rupnagar,Punjab,Punjab,2020,7,25.372470414201185,good,90.9,52.479703703703706,good,90.7,24.799632152588558,good,98.7,16.288005464480875,good,98.4,31.653512786002693,good,99.9,8.974811320754718,good,99.7,0.3843283582089552,good,99.1,,insufficient,0.0,,insufficient,0.0,,insufficient,0.0,,insufficient,0.1,0.0,good,99.9,950.8943089430894,good,99.2,,no_data,0.0,,no_data,0.0,,no_data,0.0,,no_data,0.0,,no_data,0.0,,no_data,0.0,,no_data,0.0,,no_data,0.0,,no_data,0.0,,no_data,0.0,,no_data,0.0,,no_data,0.0,,no_data,0.0,,no_data,0.0,,no_data,0.0,,no_data,0.0,tier_2,6,2018,2023,1
Rupnagar,Punjab,Punjab,2020,8,24.91523131672598,good,75.5,81.33357459379616,good,91.0,13.577492917847025,good,94.9,19.192804532577902,good,94.9,28.649338842975204,good,97.6,8.973193863319386,good,96.4,0.46506983240223465,good,96.2,,insufficient,0.0,,insufficient,0.0,,insufficient,0.0,,insufficient,1.1,0.0,good,97.6,948.7977369165488,good,95.0,,no_data,0.0,,no_data,0.0,,no_data,0.0,,no_data,0.0,,no_data,0.0,,no_data,0.0,,no_data,0.0,,no_data,0.0,,no_data,0.0,,no_data,0.0,,no_data,0.0,,no_data,0.0,,no_data,0.0,,no_data,0.0,,no_data,0.0,,no_data,0.0,tier_2,6,2018,2023,1
Rupnagar,Punjab,Punjab,2020,9,,insufficient,18.3,73.68744827586207,sparse,40.3,,insufficient,19.3,,insufficient,19.4,,insufficient,21.8,6.876872852233677,sparse,40.4,0.4523972602739727,sparse,40.6,,insufficient,0.0,,insufficient,0.0,,insufficient,0.0,,insufficient,0.0,,insufficient,21.5,,insufficient,21.5,,no_data,0.0,,no_data,0.0,,no_data,0.0,,no_data,0.0,,no_data,0.0,,no_data,0.0,,no_data,0.0,,no_data,0.0,,no_data,0.0,,no_data,0.0,,no_data,0.0,,no_data,0.0,,no_data,0.0,,no_data,0.0,,no_data,0.0,,no_data,0.0,tier_2,6,2018,2023,1
Rupnagar,Punjab,Punjab,2020,10,64.1267675378267,good,97.7,165.9698474341193,good,96.9,4.811073369565217,good,98.9,19.936766304347827,good,98.9,24.703355978260866,good,98.9,5.16978021978022,good,97.8,0.4613839891451832,good,99.1,,insufficient,0.0,,insufficient,0.0,,insufficient,0.0,,insufficient,0.0,,insufficient,0.0,,insufficient,0.0,,no_data,0.0,,no_data,0.0,,no_data,0.0,,no_data,0.0,,no_data,0.0,,no_data,0.0,,no_data,0.0,,no_data,0.0,,no_data,0.0,,no_data,0.0,,no_data,0.0,,no_data,0.0,,no_data,0.0,,no_data,0.0,,no_data,0.0,,no_data,0.0,tier_2,6,2018,2023,1
Rupnagar,Punjab,Punjab,2020,11,94.58590043923866,good,94.9,186.74183706070286,good,86.9,6.505319444444444,good,100.0,19.162625,good,100.0,25.574263888888886,good,100.0,12.453137254901963,good,99.2,0.5470055710306406,good,99.7,,insufficient,0.0,,insufficient,0.0,,insufficient,0.0,,insufficient,0.0,,insufficient,0.0,,insufficient,0.0,,no_data,0.0,,no_data,0.0,,no_data,0.0,,no_data,0.0,,no_data,0.0,,no_data,0.0,,no_data,0.0,,no_data,0.0,,no_data,0.0,,no_data,0.0,,no_data,0.0,,no_data,0.0,,no_data,0.0,,no_data,0.0,,no_data,0.0,,no_data,0.0,tier_2,6,2018,2023,1
Rupnagar,Punjab,Punjab,2020,12,56.99881064162754,good,85.9,122.79210110584518,good,85.1,7.285376344086022,good,87.5,18.196529051987767,good,87.9,25.240611620795107,good,87.9,12.625092024539876,good,87.6,0.5898771121351767,good,87.5,,insufficient,0.0,,insufficient,0.0,,insufficient,0.0,,insufficient,0.0,,insufficient,0.0,,insufficient,0.0,,no_data,0.0,,no_data,0.0,,no_data,0.0,,no_data,0.0,,no_data,0.0,,no_data,0.0,,no_data,0.0,,no_data,0.0,,no_data,0.0,,no_data,0.0,,no_data,0.0,,no_data,0.0,,no_data,0.0,,no_data,0.0,,no_data,0.0,,no_data,0.0,tier_2,6,2018,2023,1
Rupnagar,Punjab,Punjab,2021,1,39.49067873303168,good,59.4,305.6166081871345,sparse,46.0,8.609119769119769,good,93.1,16.150605187319886,good,93.3,23.410561959654178,good,93.3,13.438958031837915,good,92.9,0.5485737439222043,good,82.9,,insufficient,0.0,,insufficient,0.0,,insufficient,0.0,,insufficient,0.0,,insufficient,0.0,,insufficient,0.0,,no_data,0.0,,no_data,0.0,,no_data,0.0,,no_data,0.0,,no_data,0.0,,no_data,0.0,,no_data,0.0,,no_data,0.0,,no_data,0.0,,no_data,0.0,,no_data,0.0,,no_data,0.0,,no_data,0.0,,no_data,0.0,,no_data,0.0,,no_data,0.0,tier_2,6,2018,2023,1
Rupnagar,Punjab,Punjab,2021,2,,insufficient,1.6,81.7306914893617,good,83.9,7.634940476190475,good,100.0,14.801126543209879,good,96.4,22.424389880952383,good,100.0,14.776342592592592,good,96.4,0.5617313432835821,good,99.7,,insufficient,0.0,,insufficient,0.0,,insufficient,0.0,,insufficient,0.0,,insufficient,0.0,,insufficient,0.0,,no_data,0.0,,no_data,0.0,,no_data,0.0,,no_data,0.0,,no_data,0.0,,no_data,0.0,,no_data,0.0,,no_data,0.0,,no_data,0.0,,no_data,0.0,,no_data,0.0,,no_data,0.0,,no_data,0.0,,no_data,0.0,,no_data,0.0,,no_data,0.0,tier_2,6,2018,2023,1
Rupnagar,Punjab,Punjab,2021,3,,insufficient,1.6,103.9640369799692,good,87.2,8.410154320987655,good,87.1,13.728024691358025,good,87.1,22.053657407407407,good,87.1,14.774246153846152,good,87.4,0.5794761171032358,good,87.2,,insufficient,0.0,,insufficient,0.0,,insufficient,0.0,,insufficient,0.0,,insufficient,0.0,,insufficient,0.0,,no_data,0.0,,no_data,0.0,,no_data,0.0,,no_data,0.0,,no_data,0.0,,no_data,0.0,,no_data,0.0,,no_data,0.0,,no_data,0.0,,no_data,0.0,,no_data,0.0,,no_data,0.0,,no_data,0.0,,no_data,0.0,,no_data,0.0,,no_data,0.0,tier_2,6,2018,2023,1
Rupnagar,Punjab,Punjab,2021,4,,insufficient,0.8,94.06838801711841,good,97.4,8.179181286549708,good,95.0,9.824099560761347,good,94.9,17.91843795620438,good,95.1,12.165966386554622,good,99.2,0.8828932584269661,good,98.9,,insufficient,0.0,,insufficient,0.0,,insufficient,0.0,,insufficient,0.0,,insufficient,0.0,,insufficient,0.0,,no_data,0.0,,no_data,0.0,,no_data,0.0,,no_data,0.0,,no_data,0.0,,no_data,0.0,,no_data,0.0,,no_data,0.0,,no_data,0.0,,no_data,0.0,,no_data,0.0,,no_data,0.0,,no_data,0.0,,no_data,0.0,,no_data,0.0,,no_data,0.0,tier_2,6,2018,2023,1
Rupnagar,Punjab,Punjab,2021,5,,insufficient,0.3,100.93443994601891,good,99.6,12.310182841068919,good,95.6,3.1463509316770186,good,86.6,14.145449438202247,good,95.7,9.465355113636363,good,94.6,0.5958760107816712,good,99.7,,insufficient,0.0,,insufficient,0.0,,insufficient,0.0,,insufficient,0.0,,insufficient,0.0,,insufficient,0.0,,no_data,0.0,,no_data,0.0,,no_data,0.0,,no_data,0.0,,no_data,0.0,,no_data,0.0,,no_data,0.0,,no_data,0.0,,no_data,0.0,,no_data,0.0,,no_data,0.0,,no_data,0.0,,no_data,0.0,,no_data,0.0,,no_data,0.0,,no_data,0.0,tier_2,6,2018,2023,1
Rupnagar,Punjab,Punjab,2021,6,,insufficient,0.1,97.6274861111111,good,100.0,18.205269886363638,good,97.8,0.4975177304964539,sparse,39.2,15.645056818181816,good,97.8,10.206661891117479,good,96.9,0.5810863509749304,good,99.7,,insufficient,0.0,,insufficient,0.0,,insufficient,0.0,,insufficient,0.0,,insufficient,0.0,,insufficient,0.0,,no_data,0.0,,no_data,0.0,,no_data,0.0,,no_data,0.0,,no_data,0.0,,no_data,0.0,,no_data,0.0,,no_data,0.0,,no_data,0.0,,no_data,0.0,,no_data,0.0,,no_data,0.0,,no_data,0.0,,no_data,0.0,,no_data,0.0,,no_data,0.0,tier_2,6,2018,2023,1
Rupnagar,Punjab,Punjab,2021,7,,insufficient,0.0,69.71190860215054,good,100.0,11.588673050615595,good,98.3,3.349102209944751,good,97.3,14.661571038251367,good,98.4,9.098410326086958,good,98.9,0.560242261103634,good,99.9,,insufficient,0.0,,insufficient,0.0,,insufficient,0.0,,insufficient,0.0,,insufficient,0.0,,insufficient,0.0,,no_data,0.0,,no_data,0.0,,no_data,0.0,,no_data,0.0,,no_data,0.0,,no_data,0.0,,no_data,0.0,,no_data,0.0,,no_data,0.0,,no_data,0.0,,no_data,0.0,,no_data,0.0,,no_data,0.0,,no_data,0.0,,no_data,0.0,,no_data,0.0,tier_2,6,2018,2023,1
Rupnagar,Punjab,Punjab,2021,8,,insufficient,0.0,84.75056451612903,good,100.0,10.278198924731182,good,100.0,4.398252688172043,good,100.0,14.641962365591397,good,100.0,9.346725304465494,good,99.3,0.5746370967741935,good,100.0,,insufficient,0.0,,insufficient,0.0,,insufficient,0.0,,insufficient,0.0,,insufficient,0.0,,insufficient,0.0,,no_data,0.0,,no_data,0.0,,no_data,0.0,,no_data,0.0,,no_data,0.0,,no_data,0.0,,no_data,0.0,,no_data,0.0,,no_data,0.0,,no_data,0.0,,no_data,0.0,,no_data,0.0,,no_data,0.0,,no_data,0.0,,no_data,0.0,,no_data,0.0,tier_2,6,2018,2023,1
Rupnagar,Punjab,Punjab,2021,9,,insufficient,0.0,90.32865921787709,good,99.4,10.668541666666668,good,100.0,4.0010972222222225,good,100.0,14.650652777777779,good,100.0,9.069497206703911,good,99.4,0.5637830319888735,good,99.9,,insufficient,0.0,,insufficient,0.0,,insufficient,0.0,,insufficient,0.0,,insufficient,0.0,,insufficient,0.0,,no_data,0.0,,no_data,0.0,,no_data,0.0,,no_data,0.0,,no_data,0.0,,no_data,0.0,,no_data,0.0,,no_data,0.0,,no_data,0.0,,no_data,0.0,,no_data,0.0,,no_data,0.0,,no_data,0.0,,no_data,0.0,,no_data,0.0,,no_data,0.0,tier_2,6,2018,2023,1
Rupnagar,Punjab,Punjab,2021,10,,insufficient,0.1,104.18939944134078,good,96.2,8.044783821478383,good,96.4,6.549037656903765,good,96.4,14.584435146443516,good,96.4,9.461230769230768,good,96.1,0.5709497206703911,good,96.2,,insufficient,0.0,,insufficient,0.0,,insufficient,0.0,,insufficient,0.0,,insufficient,0.0,,insufficient,0.0,,no_data,0.0,,no_data,0.0,,no_data,0.0,,no_data,0.0,,no_data,0.0,,no_data,0.0,,no_data,0.0,,no_data,0.0,,no_data,0.0,,no_data,0.0,,no_data,0.0,,no_data,0.0,,no_data,0.0,,no_data,0.0,,no_data,0.0,,no_data,0.0,tier_2,6,2018,2023,1
Rupnagar,Punjab,Punjab,2021,11,103.23543568464731,sparse,33.5,217.19527855153203,good,99.7,8.13375521557719,good,99.9,6.556926286509039,good,99.9,14.671877607788593,good,99.9,9.524895688456189,good,99.9,0.5672546230440968,good,97.6,,insufficient,0.0,,insufficient,0.0,,insufficient,0.0,,insufficient,0.0,,insufficient,0.0,,insufficient,0.0,,no_data,0.0,,no_data,0.0,,no_data,0.0,,no_data,0.0,,no_data,0.0,,no_data,0.0,,no_data,0.0,,no_data,0.0,,no_data,0.0,,no_data,0.0,,no_data,0.0,,no_data,0.0,,no_data,0.0,,no_data,0.0,,no_data,0.0,,no_data,0.0,tier_2,6,2018,2023,1
Rupnagar,Punjab,Punjab,2021,12,87.1874964838256,good,95.6,227.79552259887006,good,95.2,19.97222833562586,good,97.7,9.28848901098901,good,97.8,29.08997252747253,good,97.8,9.68723943661972,good,95.4,0.8392455418381344,good,98.0,2.539864130434782,sparse,49.5,172.44675749318802,sparse,49.3,81.23585915492957,sparse,47.7,36.794293478260876,sparse,49.5,0.0,sparse,47.0,976.8720980926432,sparse,49.3,,no_data,0.0,,no_data,0.0,,no_data,0.0,,no_data,0.0,,no_data,0.0,,no_data,0.0,,no_data,0.0,,no_data,0.0,,no_data,0.0,,no_data,0.0,,no_data,0.0,,no_data,0.0,,no_data,0.0,,no_data,0.0,,no_data,0.0,,no_data,0.0,tier_2,6,2018,2023,1
Rupnagar,Punjab,Punjab,2022,1,46.98957020057307,good,93.8,105.24317142857143,good,94.1,11.963876177658143,good,99.9,7.53036339165545,good,99.9,19.463728129205922,good,99.9,11.493766937669376,good,99.2,0.9661827956989246,good,100.0,2.3675672043010754,good,100.0,174.23497311827956,good,100.0,90.93319892473117,good,100.0,35.649596774193554,good,100.0,0.039166666666666676,good,100.0,972.5908870967742,good,100.0,,no_data,0.0,,no_data,0.0,,no_data,0.0,,no_data,0.0,,no_data,0.0,,no_data,0.0,,no_data,0.0,,no_data,0.0,,no_data,0.0,,no_data,0.0,,no_data,0.0,,no_data,0.0,,no_data,0.0,,no_data,0.0,,no_data,0.0,,no_data,0.0,tier_2,6,2018,2023,1
Rupnagar,Punjab,Punjab,2022,2,59.208030769230774,good,96.7,124.08155384615384,good,96.7,11.055105421686747,good,98.8,9.408885496183206,good,97.5,20.152780269058294,good,99.6,11.711759398496241,good,99.0,1.0029041916167665,good,99.4,2.545690690690691,good,99.1,161.90932432432436,good,99.1,78.72703592814372,good,99.4,56.14826865671641,good,99.7,0.009940209267563527,good,99.6,968.0460329341317,good,99.4,,no_data,0.0,,no_data,0.0,,no_data,0.0,,no_data,0.0,,no_data,0.0,,no_data,0.0,,no_data,0.0,,no_data,0.0,,no_data,0.0,,no_data,0.0,,no_data,0.0,,no_data,0.0,,no_data,0.0,,no_data,0.0,,no_data,0.0,,no_data,0.0,tier_2,6,2018,2023,1
Rupnagar,Punjab,Punjab,2022,3,61.86652916073969,good,94.5,192.62771306818183,good,94.6,9.099609164420485,good,99.7,10.249083557951483,good,99.7,19.346388140161725,good,99.7,9.80475741239892,good,99.7,0.9523553162853299,good,99.9,2.5416532258064515,good,100.0,168.71345430107527,good,100.0,73.19944892473119,good,100.0,65.95944892473119,good,100.0,0.0,good,100.0,962.4633198924731,good,100.0,,no_data,0.0,,no_data,0.0,,no_data,0.0,,no_data,0.0,,no_data,0.0,,no_data,0.0,,no_data,0.0,,no_data,0.0,,no_data,0.0,,no_data,0.0,,no_data,0.0,,no_data,0.0,,no_data,0.0,,no_data,0.0,,no_data,0.0,,no_data,0.0,tier_2,6,2018,2023,1
Rupnagar,Punjab,Punjab,2022,4,35.71625538020086,good,96.8,132.82249279538905,good,96.4,11.506463932107495,good,98.2,13.752937853107344,good,98.3,24.81361111111111,good,100.0,8.03114161849711,good,96.1,0.9277118644067796,good,98.3,2.486506364922206,good,98.2,179.25437057991513,good,98.2,45.95608757062148,good,98.3,68.33472222222223,good,100.0,0.0,good,100.0,955.638884180791,good,98.3,,no_data,0.0,,no_data,0.0,,no_data,0.0,,no_data,0.0,,no_data,0.0,,no_data,0.0,,no_data,0.0,,no_data,0.0,,no_data,0.0,,no_data,0.0,,no_data,0.0,,no_data,0.0,,no_data,0.0,,no_data,0.0,,no_data,0.0,,no_data,0.0,tier_2,6,2018,2023,1
Rupnagar,Punjab,Punjab,2022,5,30.374662998624487,good,97.7,101.10275103163688,good,97.7,4.927479674796747,good,99.2,10.939945799457995,good,99.2,15.77233153638814,good,99.7,7.770368852459016,good,98.4,0.884912043301759,good,99.3,2.516608108108108,good,99.5,152.81102702702702,good,99.5,50.96170270270271,good,99.5,88.32010752688173,good,100.0,0.004999999999999999,good,100.0,948.5426081081082,good,99.5,,no_data,0.0,,no_data,0.0,,no_data,0.0,,no_data,0.0,,no_data,0.0,,no_data,0.0,,no_data,0.0,,no_data,0.0,,no_data,0.0,,no_data,0.0,,no_data,0.0,,no_data,0.0,,no_data,0.0,,no_data,0.0,,no_data,0.0,,no_data,0.0,tier_2,6,2018,2023,1
Rupnagar,Punjab,Punjab,2022,6,34.16678939617084,good,94.3,101.63448529411764,good,94.4,5.161122019635344,good,99.0,9.760490883590464,good,99.0,14.68575,good,100.0,6.935035063113605,good,99.0,0.8203506311360448,good,99.0,2.512092696629214,good,98.9,166.92018258426967,good,98.9,56.723828892005606,good,99.0,92.56850000000001,good,100.0,0.056430555555555546,good,100.0,945.9747471910113,good,98.9,,no_data,0.0,,no_data,0.0,,no_data,0.0,,no_data,0.0,,no_data,0.0,,no_data,0.0,,no_data,0.0,,no_data,0.0,,no_data,0.0,,no_data,0.0,,no_data,0.0,,no_data,0.0,,no_data,0.0,,no_data,0.0,,no_data,0.0,,no_data,0.0,tier_2,6,2018,2023,1
Rupnagar,Punjab,Punjab,2022,7,17.851762114537447,good,91.5,70.56096916299559,good,91.5,2.0899684044233804,good,85.1,2.830733137829912,good,91.7,4.795275707898658,good,90.2,8.969442896935933,good,96.5,0.6154798331015299,good,96.6,2.3944937586685158,good,96.9,144.3951872399445,good,96.9,93.08513176144243,good,96.9,97.39882833787466,good,98.7,0.06925068119891008,good,98.7,949.2810957004161,good,96.9,,no_data,0.0,,no_data,0.0,,no_data,0.0,,no_data,0.0,,no_data,0.0,,no_data,0.0,,no_data,0.0,,no_data,0.0,,no_data,0.0,,no_data,0.0,,no_data,0.0,,no_data,0.0,,no_data,0.0,,no_data,0.0,,no_data,0.0,,no_data,0.0,tier_2,6,2018,2023,1
Rupnagar,Punjab,Punjab,2022,8,35.02476744186047,good,92.5,78.76917030567685,good,92.3,5.079768392370572,good,98.7,3.5640922190201723,good,93.3,8.32557354925776,good,99.6,8.333082191780822,good,98.1,0.6250476190476191,good,98.8,2.376227951153324,good,99.1,162.4657801899593,good,99.1,92.36746268656718,good,99.1,116.01504032258065,good,100.0,0.05404569892473119,good,100.0,949.8661872455903,good,99.1,,no_data,0.0,,no_data,0.0,,no_data,0.0,,no_data,0.0,,no_data,0.0,,no_data,0.0,,no_data,0.0,,no_data,0.0,,no_data,0.0,,no_data,0.0,,no_data,0.0,,no_data,0.0,,no_data,0.0,,no_data,0.0,,no_data,0.0,,no_data,0.0,tier_2,6,2018,2023,1
Rupnagar,Punjab,Punjab,2022,9,33.12902173913043,good,89.4,88.62534883720932,good,89.6,6.242035928143713,good,92.8,7.362117117117117,good,92.5,13.553976083707026,good,92.9,6.125744360902256,good,92.4,0.8307473841554559,good,92.9,2.327955223880597,good,93.1,159.79129850746267,good,93.1,92.26732835820896,good,93.1,88.25311940298506,good,93.1,0.04585074626865671,good,93.1,955.1082089552239,good,93.1,,no_data,0.0,,no_data,0.0,,no_data,0.0,,no_data,0.0,,no_data,0.0,,no_data,0.0,,no_data,0.0,,no_data,0.0,,no_data,0.0,,no_data,0.0,,no_data,0.0,,no_data,0.0,,no_data,0.0,,no_data,0.0,,no_data,0.0,,no_data,0.0,tier_2,6,2018,2023,1
Rupnagar,Punjab,Punjab,2022,10,60.534365325077395,good,86.8,122.26520249221183,good,86.3,8.290179558011049,good,97.3,9.58758620689655,good,97.4,17.82323691460055,good,97.6,6.264206896551723,good,97.4,1.0909793103448275,good,97.4,2.346896551724138,good,97.4,162.02678620689656,good,97.4,84.85238620689654,good,97.4,60.37623966942149,good,97.6,0.01504132231404959,good,97.6,964.6812689655173,good,97.4,,no_data,0.0,,no_data,0.0,,no_data,0.0,,no_data,0.0,,no_data,0.0,,no_data,0.0,,no_data,0.0,,no_data,0.0,,no_data,0.0,,no_data,0.0,,no_data,0.0,,no_data,0.0,,no_data,0.0,,no_data,0.0,,no_data,0.0,,no_data,0.0,tier_2,6,2018,2023,1
Rupnagar,Punjab,Punjab,2022,11,66.33546897546897,good,96.2,159.1738291605302,good,94.3,17.81831896551724,good,96.7,12.204068767908307,good,96.9,29.329437412095643,good,98.8,5.629841498559078,good,96.4,1.2487392550143266,good,96.9,2.47932664756447,good,96.9,166.79954154727793,good,96.9,82.16034383954154,good,96.9,33.43645569620253,good,98.8,0.0,good,98.8,969.6481518624643,good,96.9,,no_data,0.0,,no_data,0.0,,no_data,0.0,,no_data,0.0,,no_data,0.0,,no_data,0.0,,no_data,0.0,,no_data,0.0,,no_data,0.0,,no_data,0.0,,no_data,0.0,,no_data,0.0,,no_data,0.0,,no_data,0.0,,no_data,0.0,,no_data,0.0,tier_2,6,2018,2023,1
Rupnagar,Punjab,Punjab,2022,12,61.79711621233859,good,93.7,149.0732122093023,good,92.5,61.48864091559371,good,94.0,14.818039492242596,good,95.3,70.01733146067416,good,95.7,6.815271659324524,good,91.5,1.3225070821529745,good,94.9,2.4533614627285516,good,95.6,178.47537271448664,good,95.6,87.76852320675107,good,95.6,27.456703601108032,good,97.0,0.0,good,97.0,971.2655274261604,good,95.6,,no_data,0.0,,no_data,0.0,,no_data,0.0,,no_data,0.0,,no_data,0.0,,no_data,0.0,,no_data,0.0,,no_data,0.0,,no_data,0.0,,no_data,0.0,,no_data,0.0,,no_data,0.0,,no_data,0.0,,no_data,0.0,,no_data,0.0,,no_data,0.0,tier_2,6,2018,2023,1
Rupnagar,Punjab,Punjab,2023,1,65.20001371742111,good,98.0,216.83122052704576,good,96.9,133.34289330922243,good,74.3,29.683294701986753,good,81.2,135.37588926174496,good,80.1,7.430082987551867,good,97.2,0.9999180327868853,good,98.4,2.414076607387141,good,98.3,177.0221340629275,good,98.3,91.97270491803279,good,98.4,32.30849184782608,good,98.9,0.00657608695652174,good,98.9,974.745218579235,good,98.4,,no_data,0.0,,no_data,0.0,,no_data,0.0,,no_data,0.0,,no_data,0.0,,no_data,0.0,,no_data,0.0,,no_data,0.0,,no_data,0.0,,no_data,0.0,,no_data,0.0,,no_data,0.0,,no_data,0.0,,no_data,0.0,,no_data,0.0,,no_data,0.0,tier_2,6,2018,2023,1
Rupnagar,Punjab,Punjab,2023,2,50.91953632148376,good,96.3,171.351346749226,good,96.1,140.7325740740741,good,80.4,20.781560062402495,good,95.4,148.51293906810034,good,83.0,5.766924265842349,good,96.3,1.3868970814132102,good,96.9,2.5248540706605223,good,96.9,181.68648773006134,good,97.0,73.35196319018404,good,97.0,61.91482654600301,good,98.7,0.0,good,98.7,968.7506134969326,good,97.0,,no_data,0.0,,no_data,0.0,,no_data,0.0,,no_data,0.0,,no_data,0.0,,no_data,0.0,,no_data,0.0,,no_data,0.0,,no_data,0.0,,no_data,0.0,,no_data,0.0,,no_data,0.0,,no_data,0.0,,no_data,0.0,,no_data,0.0,,no_data,0.0,tier_2,6,2018,2023,1
Rupnagar,Punjab,Punjab,2023,3,32.005056818181814,good,94.6,97.47063920454546,good,94.6,42.6335775862069,good,93.5,15.180944,good,84.0,53.77017094017094,good,94.4,6.856985714285715,good,94.1,1.2839801699716713,good,94.9,2.5201838755304102,good,95.0,179.44817538896746,good,95.0,73.96626591230552,good,95.0,100.73169943820226,good,95.7,0.007078651685393259,good,95.7,966.9274398868457,good,95.0,,no_data,0.0,,no_data,0.0,,no_data,0.0,,no_data,0.0,,no_data,0.0,,no_data,0.0,,no_data,0.0,,no_data,0.0,,no_data,0.0,,no_data,0.0,,no_data,0.0,,no_data,0.0,,no_data,0.0,,no_data,0.0,,no_data,0.0,,no_data,0.0,tier_2,6,2018,2023,1
