city,state,state_original,year,month,PM2.5 (ug/m3)_mean,PM2.5 (ug/m3)_flag,PM2.5 (ug/m3)_coverage_pct,PM10 (ug/m3)_mean,PM10 (ug/m3)_flag,PM10 (ug/m3)_coverage_pct,NO (ug/m3)_mean,NO (ug/m3)_flag,NO (ug/m3)_coverage_pct,NO2 (ug/m3)_mean,NO2 (ug/m3)_flag,NO2 (ug/m3)_coverage_pct,NOx (ppb)_mean,NOx (ppb)_flag,NOx (ppb)_coverage_pct,SO2 (ug/m3)_mean,SO2 (ug/m3)_flag,SO2 (ug/m3)_coverage_pct,CO (mg/m3)_mean,CO (mg/m3)_flag,CO (mg/m3)_coverage_pct,Ozone (ug/m3)_mean,Ozone (ug/m3)_flag,Ozone (ug/m3)_coverage_pct,WS (m/s)_mean,WS (m/s)_flag,WS (m/s)_coverage_pct,WD (degree)_mean,WD (degree)_flag,WD (degree)_coverage_pct,RH (%)_mean,RH (%)_flag,RH (%)_coverage_pct,AT (degree C)_mean,AT (degree C)_flag,AT (degree C)_coverage_pct,SR (W/mt2)_mean,SR (W/mt2)_flag,SR (W/mt2)_coverage_pct,NH3 (ug/m3)_mean,NH3 (ug/m3)_flag,NH3 (ug/m3)_coverage_pct,Benzene (ug/m3)_mean,Benzene (ug/m3)_flag,Benzene (ug/m3)_coverage_pct,Toluene (ug/m3)_mean,Toluene (ug/m3)_flag,Toluene (ug/m3)_coverage_pct,Eth-Benzene (ug/m3)_mean,Eth-Benzene (ug/m3)_flag,Eth-Benzene (ug/m3)_coverage_pct,MP-Xylene (ug/m3)_mean,MP-Xylene (ug/m3)_flag,MP-Xylene (ug/m3)_coverage_pct,O Xylene (ug/m3)_mean,O Xylene (ug/m3)_flag,O Xylene (ug/m3)_coverage_pct,Xylene (ug/m3)_mean,Xylene (ug/m3)_flag,Xylene (ug/m3)_coverage_pct,RF (mm)_mean,RF (mm)_flag,RF (mm)_coverage_pct,BP (mmHg)_mean,BP (mmHg)_flag,BP (mmHg)_coverage_pct,CH4 (ug/m3)_mean,CH4 (ug/m3)_flag,CH4 (ug/m3)_coverage_pct,NMHC (ug/m3)_mean,NMHC (ug/m3)_flag,NMHC (ug/m3)_coverage_pct,THC (ug/m3)_mean,THC (ug/m3)_flag,THC (ug/m3)_coverage_pct,CO2 (mg/m3)_mean,CO2 (mg/m3)_flag,CO2 (mg/m3)_coverage_pct,HCHO (ug/m3)_mean,HCHO (ug/m3)_flag,HCHO (ug/m3)_coverage_pct,Hg (ug/m3)_mean,Hg (ug/m3)_flag,Hg (ug/m3)_coverage_pct,SPM (ug/m3)_mean,SPM (ug/m3)_flag,SPM (ug/m3)_coverage_pct,data_quality_tier,actual_data_years,data_first_year,data_last_year,n_stations
Solapur,Maharashtra,Maharashtra,2015,12,50.44805442176871,good,98.8,125.63662180349932,good,99.9,8.869152086137282,good,99.9,39.118358008075376,good,99.9,48.00390309555855,good,99.9,17.60079407806191,good,99.9,2.174104979811575,good,99.9,48.81177658142665,good,99.9,0.36124495289367425,good,99.9,172.0265679676985,good,99.9,41.48691790040377,good,99.9,27.80064602960969,good,99.9,267.58051987767584,sparse,44.0,,no_data,0.0,,no_data,0.0,,no_data,0.0,,no_data,0.0,,no_data,0.0,,no_data,0.0,,no_data,0.0,,no_data,0.0,,no_data,0.0,,no_data,0.0,,no_data,0.0,,no_data,0.0,,no_data,0.0,,no_data,0.0,,no_data,0.0,,no_data,0.0,tier_1,9,2015,2023,1
Solapur,Maharashtra,Maharashtra,2016,1,60.281717877094984,good,96.2,155.81763736263736,good,97.8,11.97309065934066,good,97.8,39.83734159779614,good,97.6,51.71464187327824,good,97.6,16.285268225584595,good,97.7,2.0877887323943662,good,95.4,46.90960110041265,good,97.7,0.3502403846153846,good,97.8,168.3194230769231,good,97.8,33.64085164835165,good,97.8,26.707142857142856,good,97.8,265.6668277945619,sparse,44.5,,no_data,0.0,,no_data,0.0,,no_data,0.0,,no_data,0.0,,no_data,0.0,,no_data,0.0,,no_data,0.0,,no_data,0.0,,no_data,0.0,,no_data,0.0,,no_data,0.0,,no_data,0.0,,no_data,0.0,,no_data,0.0,,no_data,0.0,,no_data,0.0,tier_1,9,2015,2023,1
Solapur,Maharashtra,Maharashtra,2016,2,50.41843517138599,good,96.4,135.60225899280576,good,99.9,9.450532374100721,good,99.9,44.391410071942445,good,99.9,53.83366906474819,good,99.9,11.963467625899282,good,99.9,1.4478129496402878,good,99.9,74.84113832853026,good,99.7,0.4168992805755396,good,99.9,122.02103597122301,good,99.9,30.46113669064748,good,99.9,30.456071942446044,good,99.9,296.40481132075473,sparse,45.7,,no_data,0.0,,no_data,0.0,,no_data,0.0,,no_data,0.0,,no_data,0.0,,no_data,0.0,,no_data,0.0,,no_data,0.0,,no_data,0.0,,no_data,0.0,,no_data,0.0,,no_data,0.0,,no_data,0.0,,no_data,0.0,,no_data,0.0,,no_data,0.0,tier_1,9,2015,2023,1
Solapur,Maharashtra,Maharashtra,2016,3,45.45368495077356,good,95.6,120.79111716621253,good,98.7,14.631159618008187,good,98.5,42.40509536784741,good,98.7,57.010804911323326,good,98.5,12.1258446866485,good,98.7,1.7403765690376567,good,96.4,78.5067029972752,good,98.7,0.5247411444141689,good,98.7,136.9208855585831,good,98.7,27.655558583106266,good,98.7,33.34137602179837,good,98.7,381.37453216374274,sparse,46.0,,no_data,0.0,,no_data,0.0,,no_data,0.0,,no_data,0.0,,no_data,0.0,,no_data,0.0,,no_data,0.0,,no_data,0.0,,no_data,0.0,,no_data,0.0,,no_data,0.0,,no_data,0.0,,no_data,0.0,,no_data,0.0,,no_data,0.0,,no_data,0.0,tier_1,9,2015,2023,1
Solapur,Maharashtra,Maharashtra,2016,4,38.5663619047619,good,72.9,105.50876190476191,good,72.9,9.634386973180078,good,72.5,42.87184761904762,good,72.9,52.316340996168584,good,72.5,11.331809523809524,good,72.9,2.3848761904761906,good,72.9,72.81200000000001,good,72.9,0.6232761904761905,good,72.9,112.16982857142858,good,72.9,24.498323809523807,good,72.9,36.52904761904762,good,72.9,384.6281720430108,sparse,38.8,,no_data,0.0,,no_data,0.0,,no_data,0.0,,no_data,0.0,,no_data,0.0,,no_data,0.0,,no_data,0.0,,no_data,0.0,,no_data,0.0,,no_data,0.0,,no_data,0.0,,no_data,0.0,,no_data,0.0,,no_data,0.0,,no_data,0.0,,no_data,0.0,tier_1,9,2015,2023,1
Solapur,Maharashtra,Maharashtra,2016,5,25.46703976435935,good,91.3,75.77222873900294,good,91.7,5.64497803806735,good,91.8,38.23723279648609,good,91.8,43.95505124450952,good,91.8,12.771581259150805,good,91.8,2.40597364568082,good,91.8,49.61989736070382,good,91.7,0.7772108345534408,good,91.8,65.36449487554906,good,91.8,38.60994143484627,good,91.8,34.985446559297216,good,91.8,393.36802197802194,sparse,48.9,,no_data,0.0,,no_data,0.0,,no_data,0.0,,no_data,0.0,,no_data,0.0,,no_data,0.0,,no_data,0.0,,no_data,0.0,,no_data,0.0,,no_data,0.0,,no_data,0.0,,no_data,0.0,,no_data,0.0,,no_data,0.0,,no_data,0.0,,no_data,0.0,tier_1,9,2015,2023,1
Solapur,Maharashtra,Maharashtra,2016,6,16.96139465875371,good,93.6,48.57105702364395,good,99.9,3.703986111111111,good,100.0,35.6085,good,100.0,39.31281944444444,good,100.0,14.151458333333332,good,100.0,2.5985694444444443,good,100.0,39.71745833333333,good,100.0,0.5660795454545454,good,97.8,138.9375994318182,good,97.8,66.68085227272728,good,97.8,29.85453125,good,97.8,278.66663956639565,good,51.2,,no_data,0.0,,no_data,0.0,,no_data,0.0,,no_data,0.0,,no_data,0.0,,no_data,0.0,,no_data,0.0,,no_data,0.0,,no_data,0.0,,no_data,0.0,,no_data,0.0,,no_data,0.0,,no_data,0.0,,no_data,0.0,,no_data,0.0,,no_data,0.0,tier_1,9,2015,2023,1
Solapur,Maharashtra,Maharashtra,2016,7,12.675214285714285,good,94.1,36.18768240343348,good,94.0,3.532029569892473,good,100.0,33.258615591397856,good,100.0,36.79104838709677,good,100.0,14.095720053835802,good,99.9,3.26614247311828,good,100.0,38.05732526881721,good,100.0,0.503991935483871,good,100.0,170.29145161290324,good,100.0,75.8924193548387,good,100.0,27.91325268817204,good,100.0,227.9549090909091,good,51.7,,no_data,0.0,,no_data,0.0,,no_data,0.0,,no_data,0.0,,no_data,0.0,,no_data,0.0,,no_data,0.0,,no_data,0.0,,no_data,0.0,,no_data,0.0,,no_data,0.0,,no_data,0.0,,no_data,0.0,,no_data,0.0,,no_data,0.0,,no_data,0.0,tier_1,9,2015,2023,1
Solapur,Maharashtra,Maharashtra,2016,8,12.080027173913043,good,98.9,37.72948855989233,good,99.9,2.8886541049798113,good,99.9,31.707187079407806,good,99.9,34.74734375,sparse,34.4,13.979744279946166,good,99.9,3.4174427994616425,good,99.9,39.24967698519516,good,99.9,0.4890780619111709,good,99.9,164.2328129205922,good,99.9,73.07123822341858,good,99.9,28.120982503364736,good,99.9,288.1107124681934,good,52.8,,no_data,0.0,,no_data,0.0,,no_data,0.0,,no_data,0.0,,no_data,0.0,,no_data,0.0,,no_data,0.0,,no_data,0.0,,no_data,0.0,,no_data,0.0,,no_data,0.0,,no_data,0.0,,no_data,0.0,,no_data,0.0,,no_data,0.0,,no_data,0.0,tier_1,9,2015,2023,1
Solapur,Maharashtra,Maharashtra,2016,9,16.124016736401675,good,99.6,39.918929068150206,good,99.9,2.6716944444444444,good,100.0,31.71829166666667,good,100.0,,insufficient,0.0,14.311611111111112,good,100.0,3.619541666666667,good,100.0,40.587069444444445,good,100.0,0.5033472222222222,good,100.0,175.00134722222222,good,100.0,79.32234722222222,good,100.0,27.163847222222223,good,100.0,251.50264204545454,sparse,48.9,,no_data,0.0,,no_data,0.0,,no_data,0.0,,no_data,0.0,,no_data,0.0,,no_data,0.0,,no_data,0.0,,no_data,0.0,,no_data,0.0,,no_data,0.0,,no_data,0.0,,no_data,0.0,,no_data,0.0,,no_data,0.0,,no_data,0.0,,no_data,0.0,tier_1,9,2015,2023,1
Solapur,Maharashtra,Maharashtra,2016,10,40.1917385444744,good,99.7,97.21118279569892,good,100.0,4.494825268817204,good,100.0,33.49610215053763,good,100.0,,insufficient,0.0,14.031559139784946,good,100.0,3.771411290322581,good,100.0,41.76010752688172,good,100.0,0.36865591397849456,good,100.0,138.19963709677418,good,100.0,59.63899193548387,good,100.0,27.900591397849464,good,100.0,326.9624233983287,sparse,48.3,,no_data,0.0,,no_data,0.0,,no_data,0.0,,no_data,0.0,,no_data,0.0,,no_data,0.0,,no_data,0.0,,no_data,0.0,,no_data,0.0,,no_data,0.0,,no_data,0.0,,no_data,0.0,,no_data,0.0,,no_data,0.0,,no_data,0.0,,no_data,0.0,tier_1,9,2015,2023,1
Solapur,Maharashtra,Maharashtra,2016,11,75.06938547486034,good,99.4,162.205317348378,good,98.5,6.4662116991643455,good,99.7,38.63977715877437,good,99.7,,insufficient,0.0,12.421114206128134,good,99.7,3.0374233983286905,good,99.7,31.441938633193868,good,99.6,0.5921657381615598,good,99.7,175.61032033426184,good,99.7,40.129623955431754,good,99.7,26.732827298050143,good,99.7,337.83108695652174,sparse,44.7,,no_data,0.0,,no_data,0.0,,no_data,0.0,,no_data,0.0,,no_data,0.0,,no_data,0.0,,no_data,0.0,,no_data,0.0,,no_data,0.0,,no_data,0.0,,no_data,0.0,,no_data,0.0,,no_data,0.0,,no_data,0.0,,no_data,0.0,,no_data,0.0,tier_1,9,2015,2023,1
Solapur,Maharashtra,Maharashtra,2016,12,63.555,good,100.0,150.43101078167115,good,99.7,7.4164919354838705,good,100.0,39.72494623655914,good,100.0,,insufficient,0.0,12.686478494623659,good,100.0,2.1901615074024225,good,99.9,27.000887096774193,good,100.0,1.8125201612903228,good,100.0,113.00794836956523,good,98.9,42.93186827956989,good,100.0,25.751411290322583,good,100.0,289.17167182662536,sparse,43.4,,no_data,0.0,,no_data,0.0,,no_data,0.0,,no_data,0.0,,no_data,0.0,,no_data,0.0,,no_data,0.0,,no_data,0.0,,no_data,0.0,,no_data,0.0,,no_data,0.0,,no_data,0.0,,no_data,0.0,,no_data,0.0,,no_data,0.0,,no_data,0.0,tier_1,9,2015,2023,1
Solapur,Maharashtra,Maharashtra,2017,1,66.54685483870968,good,100.0,175.11061827956988,good,100.0,5.842557200538359,good,99.9,38.81306864064603,good,99.9,,insufficient,0.0,17.10643817204301,good,100.0,2.6233196721311476,good,98.4,34.014663978494625,good,100.0,0.9495564516129033,good,100.0,114.5177792732167,good,99.9,38.64327956989247,good,100.0,25.969986559139787,good,100.0,316.0487240356083,sparse,45.3,,no_data,0.0,,no_data,0.0,,no_data,0.0,,no_data,0.0,,no_data,0.0,,no_data,0.0,,no_data,0.0,,no_data,0.0,,no_data,0.0,,no_data,0.0,,no_data,0.0,,no_data,0.0,,no_data,0.0,,no_data,0.0,,no_data,0.0,,no_data,0.0,tier_1,9,2015,2023,1
Solapur,Maharashtra,Maharashtra,2017,2,55.0553869047619,good,100.0,159.92333333333335,good,100.0,4.14407738095238,good,100.0,35.25181547619048,good,100.0,,insufficient,0.0,19.503169642857145,good,100.0,2.0650746268656714,good,99.7,36.97339285714286,good,100.0,0.6361681547619048,good,100.0,88.80258594917788,good,99.6,29.162842261904764,good,100.0,29.367991071428573,good,100.0,386.7992459016394,sparse,45.4,,no_data,0.0,,no_data,0.0,,no_data,0.0,,no_data,0.0,,no_data,0.0,,no_data,0.0,,no_data,0.0,,no_data,0.0,,no_data,0.0,,no_data,0.0,,no_data,0.0,,no_data,0.0,,no_data,0.0,,no_data,0.0,,no_data,0.0,,no_data,0.0,tier_1,9,2015,2023,1
Solapur,Maharashtra,Maharashtra,2017,3,45.604254742547425,good,99.2,129.37895161290322,good,100.0,5.3987096774193555,good,100.0,37.177069892473114,good,100.0,,insufficient,0.0,17.58287634408602,good,100.0,2.1963709677419354,good,100.0,36.64414535666218,good,99.9,0.7463037634408602,good,100.0,45.65422043010752,good,100.0,26.98869623655914,good,100.0,31.719368279569892,good,100.0,438.8164623955431,sparse,48.3,,no_data,0.0,,no_data,0.0,,no_data,0.0,,no_data,0.0,,no_data,0.0,,no_data,0.0,,no_data,0.0,,no_data,0.0,,no_data,0.0,,no_data,0.0,,no_data,0.0,,no_data,0.0,,no_data,0.0,,no_data,0.0,,no_data,0.0,,no_data,0.0,tier_1,9,2015,2023,1
Solapur,Maharashtra,Maharashtra,2017,4,38.29034818941504,good,99.7,118.44066761363638,good,97.8,24.69631136044881,good,99.0,35.431476323119774,good,99.7,,insufficient,0.0,12.261476323119776,good,99.7,1.4393557422969185,good,99.2,44.84641666666667,good,100.0,0.6814930555555555,good,100.0,43.605181058495816,good,99.7,21.096125,good,100.0,34.999611111111115,good,100.0,423.8738701298701,good,53.5,,no_data,0.0,,no_data,0.0,,no_data,0.0,,no_data,0.0,,no_data,0.0,,no_data,0.0,,no_data,0.0,,no_data,0.0,,no_data,0.0,,no_data,0.0,,no_data,0.0,,no_data,0.0,,no_data,0.0,,no_data,0.0,,no_data,0.0,,no_data,0.0,tier_1,9,2015,2023,1
Solapur,Maharashtra,Maharashtra,2017,5,27.903428184281843,good,99.2,80.83765814266486,good,99.9,15.488532974427994,good,99.9,40.282759084791394,good,99.9,,insufficient,0.0,12.537846567967698,good,99.9,1.8904736129905277,good,99.3,33.518923283983845,good,99.9,0.6528667563930014,good,99.9,148.61527590847913,good,99.9,35.61714285714285,good,99.7,35.254185733512784,good,99.9,408.6424552429667,good,52.6,,no_data,0.0,,no_data,0.0,,no_data,0.0,,no_data,0.0,,no_data,0.0,,no_data,0.0,,no_data,0.0,,no_data,0.0,,no_data,0.0,,no_data,0.0,,no_data,0.0,,no_data,0.0,,no_data,0.0,,no_data,0.0,,no_data,0.0,,no_data,0.0,tier_1,9,2015,2023,1
Solapur,Maharashtra,Maharashtra,2017,6,13.802673267326735,good,98.2,39.823458333333335,good,100.0,9.641666666666667,good,100.0,26.71769444444444,good,100.0,34.390959302325584,sparse,47.8,13.981958333333333,good,100.0,1.2734166666666664,good,100.0,19.383069444444445,good,100.0,0.7556944444444447,good,100.0,328.0171030640669,good,99.7,70.08673611111112,good,100.0,28.930305555555556,good,100.0,221.0467282809612,good,75.1,,no_data,0.0,,no_data,0.0,,no_data,0.0,,no_data,0.0,,no_data,0.0,,no_data,0.0,,no_data,0.0,,no_data,0.0,,no_data,0.0,,no_data,0.0,,no_data,0.0,,no_data,0.0,,no_data,0.0,,no_data,0.0,,no_data,0.0,,no_data,0.0,tier_1,9,2015,2023,1
Solapur,Maharashtra,Maharashtra,2017,7,13.690820995962316,good,99.9,51.34854838709678,good,100.0,8.945241935483871,good,100.0,26.530470430107524,good,100.0,34.00346774193549,good,100.0,16.280564516129033,good,100.0,0.9221639784946237,good,100.0,24.716330645161293,good,100.0,0.8045967741935484,good,100.0,246.91956989247313,good,100.0,64.30102150537634,good,100.0,27.336680107526877,good,100.0,145.05348118279568,good,100.0,,no_data,0.0,,no_data,0.0,,no_data,0.0,,no_data,0.0,,no_data,0.0,,no_data,0.0,,no_data,0.0,,no_data,0.0,,no_data,0.0,,no_data,0.0,,no_data,0.0,,no_data,0.0,,no_data,0.0,,no_data,0.0,,no_data,0.0,,no_data,0.0,tier_1,9,2015,2023,1
Solapur,Maharashtra,Maharashtra,2017,8,13.510652173913044,good,98.9,42.70795698924731,good,100.0,8.146666666666667,good,100.0,26.605698924731183,good,100.0,33.77712365591398,good,100.0,21.14698924731183,good,100.0,1.2136290322580645,good,100.0,52.02606182795699,good,100.0,0.7128494623655914,good,100.0,222.8355510752688,good,100.0,72.19689516129031,good,100.0,26.947674731182794,good,100.0,140.2466935483871,good,100.0,,no_data,0.0,,no_data,0.0,,no_data,0.0,,no_data,0.0,,no_data,0.0,,no_data,0.0,,no_data,0.0,,no_data,0.0,,no_data,0.0,,no_data,0.0,,no_data,0.0,,no_data,0.0,,no_data,0.0,,no_data,0.0,,no_data,0.0,,no_data,0.0,tier_1,9,2015,2023,1
Solapur,Maharashtra,Maharashtra,2017,9,21.120337078651684,good,98.9,51.6486750348675,good,99.6,8.245646731571627,good,99.9,34.15575799721836,good,99.9,41.21260083449235,good,99.9,22.060807799442898,good,99.7,1.657232267037552,good,99.9,49.482002781641164,good,99.9,0.8600834492350486,good,99.9,226.1036541143654,good,99.6,74.4687621696801,good,99.9,26.83489568845619,good,99.9,146.15691237830322,good,99.9,,no_data,0.0,,no_data,0.0,,no_data,0.0,,no_data,0.0,,no_data,0.0,,no_data,0.0,,no_data,0.0,,no_data,0.0,,no_data,0.0,,no_data,0.0,,no_data,0.0,,no_data,0.0,,no_data,0.0,,no_data,0.0,,no_data,0.0,,no_data,0.0,tier_1,9,2015,2023,1
Solapur,Maharashtra,Maharashtra,2017,10,41.934530612244906,good,98.8,89.32032476319351,good,99.3,8.243599458728012,good,99.3,53.225317997293644,good,99.3,60.22342354533153,good,99.3,25.112435723951286,good,99.3,1.6574424898511504,good,99.3,60.67876860622463,good,99.3,0.6423951285520975,good,99.3,227.00362652232747,good,99.3,53.01783491204329,good,99.3,27.030595399188094,good,99.3,142.32074525745256,good,99.2,,no_data,0.0,,no_data,0.0,,no_data,0.0,,no_data,0.0,,no_data,0.0,,no_data,0.0,,no_data,0.0,,no_data,0.0,,no_data,0.0,,no_data,0.0,,no_data,0.0,,no_data,0.0,,no_data,0.0,,no_data,0.0,,no_data,0.0,,no_data,0.0,tier_1,9,2015,2023,1
Solapur,Maharashtra,Maharashtra,2017,11,55.49945010183299,good,68.2,120.1078818737271,good,68.2,13.737418032786886,good,67.8,55.43503054989817,good,68.2,74.05609042553192,good,52.2,25.943767820773928,good,68.2,1.821547861507128,good,68.2,67.15313645621181,good,68.2,0.6604421052631578,good,66.0,231.70600000000002,good,66.0,45.73943157894737,good,66.0,26.44164210526316,good,66.0,159.45374407582938,good,58.6,,no_data,0.0,,no_data,0.0,,no_data,0.0,,no_data,0.0,,no_data,0.0,,no_data,0.0,,no_data,0.0,,no_data,0.0,,no_data,0.0,,no_data,0.0,,no_data,0.0,,no_data,0.0,,no_data,0.0,,no_data,0.0,,no_data,0.0,,no_data,0.0,tier_1,9,2015,2023,1
Solapur,Maharashtra,Maharashtra,2017,12,64.22376498800959,good,56.0,156.49132911392405,good,63.7,28.73738317757009,good,57.5,73.87441588785046,good,57.5,107.96951781970651,good,64.1,16.990215311004786,good,56.2,1.3659414225941424,good,64.2,80.25162679425836,good,56.2,0.0550625,good,64.5,250.97327766179544,good,64.4,,insufficient,5.8,,insufficient,6.0,12.539626556016596,good,64.8,,no_data,0.0,,no_data,0.0,,no_data,0.0,,no_data,0.0,,no_data,0.0,,no_data,0.0,,no_data,0.0,,no_data,0.0,,no_data,0.0,,no_data,0.0,,no_data,0.0,,no_data,0.0,,no_data,0.0,,no_data,0.0,,no_data,0.0,,no_data,0.0,tier_1,9,2015,2023,1
Solapur,Maharashtra,Maharashtra,2018,1,,insufficient,0.0,168.11018895348838,good,92.5,,insufficient,0.4,,insufficient,0.8,117.34236173393123,good,89.9,,insufficient,0.0,0.0,good,93.3,,insufficient,0.0,0.03648414985590778,good,93.3,241.81303206997083,good,92.2,,insufficient,2.2,,insufficient,1.9,1.5363271162123384,good,93.7,,no_data,0.0,,no_data,0.0,,no_data,0.0,,no_data,0.0,,no_data,0.0,,no_data,0.0,,no_data,0.0,,no_data,0.0,,no_data,0.0,,no_data,0.0,,no_data,0.0,,no_data,0.0,,no_data,0.0,,no_data,0.0,,no_data,0.0,,no_data,0.0,tier_1,9,2015,2023,1
Solapur,Maharashtra,Maharashtra,2018,2,,insufficient,0.0,140.45342657342658,good,85.1,,insufficient,0.0,,insufficient,0.0,109.49097731239091,good,85.3,,insufficient,0.0,0.0,good,85.3,,insufficient,0.0,0.03613636363636364,good,85.1,243.70224199288256,good,83.6,,insufficient,2.7,,insufficient,2.4,3.0237587412587406,good,85.1,,no_data,0.0,,no_data,0.0,,no_data,0.0,,no_data,0.0,,no_data,0.0,,no_data,0.0,,no_data,0.0,,no_data,0.0,,no_data,0.0,,no_data,0.0,,no_data,0.0,,no_data,0.0,,no_data,0.0,,no_data,0.0,,no_data,0.0,,no_data,0.0,tier_1,9,2015,2023,1
Solapur,Maharashtra,Maharashtra,2018,3,,insufficient,20.4,122.75843511450381,good,70.4,,insufficient,0.1,,insufficient,20.8,95.00217550274223,good,73.5,,insufficient,20.4,0.3753551912568306,good,73.8,,insufficient,1.9,0.02500924214417745,good,72.7,207.9145402298851,good,70.2,,insufficient,4.3,,insufficient,4.0,6.122157221206582,good,73.5,,no_data,0.0,,no_data,0.0,,no_data,0.0,,no_data,0.0,,no_data,0.0,,no_data,0.0,,no_data,0.0,,no_data,0.0,,no_data,0.0,,no_data,0.0,,no_data,0.0,,no_data,0.0,,no_data,0.0,,no_data,0.0,,no_data,0.0,,no_data,0.0,tier_1,9,2015,2023,1
Solapur,Maharashtra,Maharashtra,2018,4,36.967636363636366,good,99.3,102.35893854748603,good,99.4,,insufficient,0.4,26.766252285191953,good,76.0,75.92148251748252,good,99.3,19.886252220248668,good,78.2,1.1088702928870293,good,99.6,,insufficient,9.0,0.007704225352112677,good,98.6,199.24457917261057,good,97.4,,insufficient,1.5,,insufficient,1.7,3.156676056338028,good,98.6,,no_data,0.0,,no_data,0.0,,no_data,0.0,,no_data,0.0,,no_data,0.0,,no_data,0.0,,no_data,0.0,,no_data,0.0,,no_data,0.0,,no_data,0.0,,no_data,0.0,,no_data,0.0,,no_data,0.0,,no_data,0.0,,no_data,0.0,,no_data,0.0,tier_1,9,2015,2023,1
Solapur,Maharashtra,Maharashtra,2018,5,30.162743243243245,good,99.5,,insufficient,9.4,,insufficient,0.4,,insufficient,0.4,44.22376010781671,good,99.7,10.946860986547085,sparse,30.0,0.17540322580645162,good,100.0,93.10224462365592,good,100.0,0.001954177897574124,good,99.7,168.02651226158036,good,98.7,,insufficient,0.1,,insufficient,0.1,0.9811336032388663,good,99.6,,no_data,0.0,,no_data,0.0,,no_data,0.0,,no_data,0.0,,no_data,0.0,,no_data,0.0,,no_data,0.0,,no_data,0.0,,no_data,0.0,,no_data,0.0,,no_data,0.0,,no_data,0.0,,no_data,0.0,,no_data,0.0,,no_data,0.0,,no_data,0.0,tier_1,9,2015,2023,1
Solapur,Maharashtra,Maharashtra,2018,6,17.167366136034733,good,96.0,52.742186234817815,good,68.6,15.043712255772647,good,78.2,16.597631578947368,sparse,42.2,28.67167862266858,good,96.8,11.200229885057473,good,96.7,0.4145050215208035,good,96.8,49.50064655172413,good,96.7,0.3699067431850789,good,96.8,145.1976148148148,good,93.8,53.26875886524823,good,78.3,28.480620567375887,good,78.3,157.7876901004304,good,96.8,,no_data,0.0,,no_data,0.0,,no_data,0.0,,no_data,0.0,,no_data,0.0,,no_data,0.0,,no_data,0.0,,no_data,0.0,,no_data,0.0,,no_data,0.0,,no_data,0.0,,no_data,0.0,,no_data,0.0,,no_data,0.0,,no_data,0.0,,no_data,0.0,tier_1,9,2015,2023,1
Solapur,Maharashtra,Maharashtra,2018,7,12.789183673469386,good,98.8,44.9378600269179,good,99.9,9.34835800807537,good,99.9,16.677469717362047,good,99.9,25.91797843665768,good,99.7,11.803099730458223,good,99.7,0.5704704301075268,good,100.0,38.613118279569896,good,100.0,0.6606729475100942,good,99.9,134.8366573033708,good,95.7,10.987379032258065,good,100.0,26.98263440860215,good,100.0,157.19350806451612,good,100.0,,no_data,0.0,,no_data,0.0,,no_data,0.0,,no_data,0.0,,no_data,0.0,,no_data,0.0,,no_data,0.0,,no_data,0.0,,no_data,0.0,,no_data,0.0,,no_data,0.0,,no_data,0.0,,no_data,0.0,,no_data,0.0,,no_data,0.0,,no_data,0.0,tier_1,9,2015,2023,1
Solapur,Maharashtra,Maharashtra,2018,8,11.399240162822252,good,99.1,40.29027027027026,good,99.5,5.840765027322404,good,98.4,15.36463945578231,good,98.8,20.80103401360544,good,98.8,10.207256756756758,good,99.5,0.7124324324324325,good,99.5,35.911231393775374,good,99.3,0.4925608108108108,good,99.5,134.58913769123782,good,96.6,28.717864864864865,good,99.5,26.598824324324326,good,99.5,155.11133783783782,good,99.5,,no_data,0.0,,no_data,0.0,,no_data,0.0,,no_data,0.0,,no_data,0.0,,no_data,0.0,,no_data,0.0,,no_data,0.0,,no_data,0.0,,no_data,0.0,,no_data,0.0,,no_data,0.0,,no_data,0.0,,no_data,0.0,,no_data,0.0,,no_data,0.0,tier_1,9,2015,2023,1
Solapur,Maharashtra,Maharashtra,2018,9,18.898952095808383,sparse,46.4,49.57489552238806,sparse,46.5,9.847641791044776,sparse,46.5,25.63907462686567,sparse,46.5,35.151223880597016,sparse,46.5,10.243641791044777,sparse,46.5,1.2076716417910447,sparse,46.5,40.06420895522389,sparse,46.5,0.4929253731343283,sparse,46.5,180.89174846625767,sparse,45.3,7.916776119402985,sparse,46.5,27.224865671641798,sparse,46.5,208.28023880597016,sparse,46.5,,no_data,0.0,,no_data,0.0,,no_data,0.0,,no_data,0.0,,no_data,0.0,,no_data,0.0,,no_data,0.0,,no_data,0.0,,no_data,0.0,,no_data,0.0,,no_data,0.0,,no_data,0.0,,no_data,0.0,,no_data,0.0,,no_data,0.0,,no_data,0.0,tier_1,9,2015,2023,1
Solapur,Maharashtra,Maharashtra,2018,10,38.56166208791209,good,97.8,85.95356652949246,good,98.0,19.802124277456645,good,93.0,60.483627167630054,good,93.0,79.24962154294032,good,92.3,10.17953488372093,good,92.5,1.681371742112483,good,98.0,56.735157750342935,good,98.0,0.5418175582990398,good,98.0,270.78820029027577,good,92.6,5.266995884773663,good,98.0,28.839766803840877,good,98.0,207.75008230452676,good,98.0,,no_data,0.0,,no_data,0.0,,no_data,0.0,,no_data,0.0,,no_data,0.0,,no_data,0.0,,no_data,0.0,,no_data,0.0,,no_data,0.0,,no_data,0.0,,no_data,0.0,,no_data,0.0,,no_data,0.0,,no_data,0.0,,no_data,0.0,,no_data,0.0,tier_1,9,2015,2023,1
Solapur,Maharashtra,Maharashtra,2018,11,49.611828410689164,good,98.8,127.88778711484592,good,99.2,28.71155027932961,good,99.4,74.07765363128492,good,99.4,96.15177464788732,good,98.6,11.20302649930265,good,99.6,1.7511297071129706,good,99.6,56.35351464435146,good,99.6,0.5099023709902372,good,99.6,276.5748187311179,good,91.9,3.178186889818689,good,99.6,27.501185495118552,good,99.6,167.910990237099,good,99.6,,no_data,0.0,,no_data,0.0,,no_data,0.0,,no_data,0.0,,no_data,0.0,,no_data,0.0,,no_data,0.0,,no_data,0.0,,no_data,0.0,,no_data,0.0,,no_data,0.0,,no_data,0.0,,no_data,0.0,,no_data,0.0,,no_data,0.0,,no_data,0.0,tier_1,9,2015,2023,1
Solapur,Maharashtra,Maharashtra,2018,12,58.93599415204679,good,91.9,154.90996860282573,good,85.6,31.207675438596496,good,91.9,66.19002923976608,good,91.9,94.65335787923418,good,91.3,10.899444444444443,good,91.9,1.8503654970760235,good,91.9,54.05106725146199,good,91.9,0.507280701754386,good,91.9,250.43225000000007,good,80.6,1.7717543859649125,good,91.9,24.692295321637424,good,91.9,145.3659210526316,good,91.9,,no_data,0.0,,no_data,0.0,,no_data,0.0,,no_data,0.0,,no_data,0.0,,no_data,0.0,,no_data,0.0,,no_data,0.0,,no_data,0.0,,no_data,0.0,,no_data,0.0,,no_data,0.0,,no_data,0.0,,no_data,0.0,,no_data,0.0,,no_data,0.0,tier_1,9,2015,2023,1
Solapur,Maharashtra,Maharashtra,2019,1,66.23739602169982,good,74.3,178.061051625239,good,70.3,35.45028828828829,good,74.6,79.87482014388488,good,74.7,111.03425,good,69.9,10.464036036036038,good,74.6,1.9926486486486488,good,74.6,49.022661870503605,good,74.7,0.5325,good,74.7,236.15755458515284,good,61.6,30.7775,good,74.7,23.69917910447761,sparse,36.0,142.0343165467626,good,74.7,,no_data,0.0,,no_data,0.0,,no_data,0.0,,no_data,0.0,,no_data,0.0,,no_data,0.0,,no_data,0.0,,no_data,0.0,,no_data,0.0,,no_data,0.0,,no_data,0.0,,no_data,0.0,,no_data,0.0,,no_data,0.0,,no_data,0.0,,no_data,0.0,tier_1,9,2015,2023,1
Solapur,Maharashtra,Maharashtra,2019,2,48.03826546003017,good,98.7,140.36508448540707,good,96.9,21.474523449319214,good,98.4,71.91487179487179,good,98.7,91.17149321266967,good,98.7,10.54081447963801,good,98.7,1.6120211161387632,good,98.7,64.50328808446454,good,98.7,0.7401659125188537,good,98.7,227.60222222222225,good,89.7,35.2582503770739,good,98.7,28.607647058823535,good,98.7,166.0904374057315,good,98.7,,no_data,0.0,,no_data,0.0,,no_data,0.0,,no_data,0.0,,no_data,0.0,,no_data,0.0,,no_data,0.0,,no_data,0.0,,no_data,0.0,,no_data,0.0,,no_data,0.0,,no_data,0.0,,no_data,0.0,,no_data,0.0,,no_data,0.0,,no_data,0.0,tier_1,9,2015,2023,1
Solapur,Maharashtra,Maharashtra,2019,3,45.116397849462366,good,100.0,137.128442503639,good,92.3,18.5363907734057,good,99.1,58.93084677419354,good,100.0,75.59942544459645,good,98.3,11.260698924731182,good,100.0,1.443351278600269,good,99.9,76.0432123655914,good,100.0,0.5689247311827957,good,100.0,190.73389280677011,good,95.3,27.291088709677418,good,100.0,32.2715188172043,good,100.0,189.09342741935484,good,100.0,,no_data,0.0,,no_data,0.0,,no_data,0.0,,no_data,0.0,,no_data,0.0,,no_data,0.0,,no_data,0.0,,no_data,0.0,,no_data,0.0,,no_data,0.0,,no_data,0.0,,no_data,0.0,,no_data,0.0,,no_data,0.0,,no_data,0.0,,no_data,0.0,tier_1,9,2015,2023,1
Solapur,Maharashtra,Maharashtra,2019,4,40.50328290468986,good,91.8,106.71854838709676,good,94.7,41.6862447257384,good,98.8,61.28161516853932,good,98.9,94.49061166429587,good,97.6,10.305834502103787,good,99.0,1.6555399719495092,good,99.0,68.16352033660588,good,99.0,0.7764936886395511,good,99.0,177.95507982583453,good,95.7,29.829004207573636,good,99.0,35.27009817671809,good,99.0,234.24260869565214,good,99.0,,no_data,0.0,,no_data,0.0,,no_data,0.0,,no_data,0.0,,no_data,0.0,,no_data,0.0,,no_data,0.0,,no_data,0.0,,no_data,0.0,,no_data,0.0,,no_data,0.0,,no_data,0.0,,no_data,0.0,,no_data,0.0,,no_data,0.0,,no_data,0.0,tier_1,9,2015,2023,1
Solapur,Maharashtra,Maharashtra,2019,5,30.593669467787116,good,96.0,104.86010854816824,good,99.1,20.943405405405407,good,99.5,30.999310810810808,good,99.5,51.08450340136054,good,98.8,8.961163734776724,good,99.3,0.9906630581867387,good,99.3,73.32422192151556,good,99.3,0.729573748308525,good,99.3,152.25457650273225,good,98.4,32.85617050067659,good,99.3,35.54282814614344,good,99.3,236.15932432432436,good,99.5,,no_data,0.0,,no_data,0.0,,no_data,0.0,,no_data,0.0,,no_data,0.0,,no_data,0.0,,no_data,0.0,,no_data,0.0,,no_data,0.0,,no_data,0.0,,no_data,0.0,,no_data,0.0,,no_data,0.0,,no_data,0.0,,no_data,0.0,,no_data,0.0,tier_1,9,2015,2023,1
Solapur,Maharashtra,Maharashtra,2019,6,17.793284457478006,good,94.7,64.8319368723099,good,96.8,12.952507163323784,good,96.9,18.22825,good,100.0,30.272869440459115,good,96.8,10.775100286532952,good,96.9,0.9403581661891117,good,96.9,42.39189111747851,good,96.9,0.48532234957020054,good,96.9,133.99859467455622,good,93.9,63.00471346704871,good,96.9,31.483954154727797,good,96.9,199.1733810888252,good,96.9,,no_data,0.0,,no_data,0.0,,no_data,0.0,,no_data,0.0,,no_data,0.0,,no_data,0.0,,no_data,0.0,,no_data,0.0,,no_data,0.0,,no_data,0.0,,no_data,0.0,,no_data,0.0,,no_data,0.0,,no_data,0.0,,no_data,0.0,,no_data,0.0,tier_1,9,2015,2023,1
Solapur,Maharashtra,Maharashtra,2019,7,11.875342706502636,good,76.5,57.09684210526316,good,63.8,14.867,good,78.0,14.114896551724136,good,78.0,29.284049904030713,good,70.0,11.099689119170984,good,77.8,0.7321070811744387,good,77.8,23.644179620034542,good,77.8,0.475,good,77.8,152.14555555555555,good,69.0,77.48585492227978,good,77.8,28.559930915371332,good,77.8,156.3821416234888,good,77.8,,no_data,0.0,,no_data,0.0,,no_data,0.0,,no_data,0.0,,no_data,0.0,,no_data,0.0,,no_data,0.0,,no_data,0.0,,no_data,0.0,,no_data,0.0,,no_data,0.0,,no_data,0.0,,no_data,0.0,,no_data,0.0,,no_data,0.0,,no_data,0.0,tier_1,9,2015,2023,1
Solapur,Maharashtra,Maharashtra,2019,8,19.34574074074074,good,50.8,69.05522821576764,good,64.8,115.27604938271604,good,65.3,76.39195071868582,good,65.5,184.69618947368423,good,63.8,13.573983572895276,good,65.5,1.9814373716632445,good,65.5,23.496529774127307,good,65.5,0.4966049382716049,good,65.3,138.08185185185184,good,61.7,76.09884773662552,good,65.3,28.344873417721523,good,63.7,162.38082304526748,good,65.3,,no_data,0.0,,no_data,0.0,,no_data,0.0,,no_data,0.0,,no_data,0.0,,no_data,0.0,,no_data,0.0,,no_data,0.0,,no_data,0.0,,no_data,0.0,,no_data,0.0,,no_data,0.0,,no_data,0.0,,no_data,0.0,,no_data,0.0,,no_data,0.0,tier_1,9,2015,2023,1
Solapur,Maharashtra,Maharashtra,2019,9,12.474528875379942,good,91.4,46.775573529411766,good,94.4,25.001789321789317,good,96.2,22.5876911976912,good,96.2,47.44889855072464,good,95.8,12.223559077809801,good,96.4,1.5847186147186147,good,96.2,17.262374100719423,good,96.5,0.38215107913669066,good,96.5,150.47793103448276,good,84.6,80.66011510791367,good,96.5,28.035867647058822,good,94.4,160.47707913669066,good,96.5,,no_data,0.0,,no_data,0.0,,no_data,0.0,,no_data,0.0,,no_data,0.0,,no_data,0.0,,no_data,0.0,,no_data,0.0,,no_data,0.0,,no_data,0.0,,no_data,0.0,,no_data,0.0,,no_data,0.0,,no_data,0.0,,no_data,0.0,,no_data,0.0,tier_1,9,2015,2023,1
Solapur,Maharashtra,Maharashtra,2019,10,22.910916442048514,good,99.7,68.10325268817205,good,100.0,25.333494623655916,good,100.0,35.48626344086021,good,100.0,60.82069892473119,good,100.0,13.266881720430106,good,100.0,1.3688978494623656,good,100.0,20.3534811827957,good,100.0,0.4429032258064516,good,100.0,256.7443202416918,good,89.0,84.59711021505376,good,100.0,27.493561827956988,good,100.0,174.08567204301076,good,100.0,,no_data,0.0,,no_data,0.0,,no_data,0.0,,no_data,0.0,,no_data,0.0,,no_data,0.0,,no_data,0.0,,no_data,0.0,,no_data,0.0,,no_data,0.0,,no_data,0.0,,no_data,0.0,,no_data,0.0,,no_data,0.0,,no_data,0.0,,no_data,0.0,tier_1,9,2015,2023,1
Solapur,Maharashtra,Maharashtra,2019,11,45.52161144578314,good,92.2,118.16474397590362,good,92.2,25.854111445783133,good,92.2,49.9955421686747,good,92.2,75.57664156626505,good,92.2,12.413795180722891,good,92.2,1.8048795180722892,good,92.2,38.65495481927711,good,92.2,0.4720331325301206,good,92.2,273.4976104746317,good,84.9,69.77816265060241,good,92.2,27.614382530120483,good,92.2,163.3953765060241,good,92.2,,no_data,0.0,,no_data,0.0,,no_data,0.0,,no_data,0.0,,no_data,0.0,,no_data,0.0,,no_data,0.0,,no_data,0.0,,no_data,0.0,,no_data,0.0,,no_data,0.0,,no_data,0.0,,no_data,0.0,,no_data,0.0,,no_data,0.0,,no_data,0.0,tier_1,9,2015,2023,1
Solapur,Maharashtra,Maharashtra,2019,12,47.77700709219858,good,94.8,131.62150664697194,good,91.0,34.38375354107649,good,94.9,66.47101983002833,good,94.9,98.97203413940255,good,94.5,12.550737588652483,good,94.8,2.289418439716312,good,94.8,46.81407092198582,good,94.8,0.49353191489361703,good,94.8,290.4248571428571,good,89.4,65.12644475920679,good,94.9,26.199603399433432,good,94.9,129.24832861189802,good,94.9,,no_data,0.0,,no_data,0.0,,no_data,0.0,,no_data,0.0,,no_data,0.0,,no_data,0.0,,no_data,0.0,,no_data,0.0,,no_data,0.0,,no_data,0.0,,no_data,0.0,,no_data,0.0,,no_data,0.0,,no_data,0.0,,no_data,0.0,,no_data,0.0,tier_1,9,2015,2023,1
Solapur,Maharashtra,Maharashtra,2020,1,41.11093155893536,good,70.7,127.84822448979592,good,65.9,43.50697026022305,good,72.3,39.614144981412636,good,72.3,82.88583643122676,good,72.3,15.406685393258426,good,71.8,2.4728252788104093,good,72.3,28.43042750929368,good,72.3,0.4797490706319703,good,72.3,224.70007797270955,good,69.0,59.25996282527881,good,72.3,26.332063197026017,good,72.3,155.57191449814127,good,72.3,,no_data,0.0,,no_data,0.0,,no_data,0.0,,no_data,0.0,,no_data,0.0,,no_data,0.0,,no_data,0.0,,no_data,0.0,,no_data,0.0,,no_data,0.0,,no_data,0.0,,no_data,0.0,,no_data,0.0,,no_data,0.0,,no_data,0.0,,no_data,0.0,tier_1,9,2015,2023,1
Solapur,Maharashtra,Maharashtra,2020,2,45.73291916167665,good,96.0,136.53362275449103,good,96.0,39.32059880239522,good,96.0,42.42905688622754,good,96.0,80.99316341829086,good,95.8,26.273353293413173,good,96.0,2.1489820359281437,good,96.0,45.24934131736527,good,96.0,0.5299026946107784,good,96.0,248.6426825396825,good,90.5,44.76881736526946,good,96.0,28.166362275449103,good,96.0,167.81994011976047,good,96.0,,no_data,0.0,,no_data,0.0,,no_data,0.0,,no_data,0.0,,no_data,0.0,,no_data,0.0,,no_data,0.0,,no_data,0.0,,no_data,0.0,,no_data,0.0,,no_data,0.0,,no_data,0.0,,no_data,0.0,,no_data,0.0,,no_data,0.0,,no_data,0.0,tier_1,9,2015,2023,1
Solapur,Maharashtra,Maharashtra,2020,3,33.99408710217756,good,80.2,99.2793864013267,good,81.0,32.54248355263158,good,81.7,19.672491856677524,good,82.5,52.155855263157896,good,81.7,23.803980263157897,good,81.7,1.6630098684210528,good,81.7,49.69023026315789,good,81.7,0.869090909090909,good,81.3,195.6421899224806,good,69.4,39.99968749999999,good,81.7,30.17988448844885,good,81.5,215.64942052980132,good,81.2,,no_data,0.0,,no_data,0.0,,no_data,0.0,,no_data,0.0,,no_data,0.0,,no_data,0.0,,no_data,0.0,,no_data,0.0,,no_data,0.0,,no_data,0.0,,no_data,0.0,,no_data,0.0,,no_data,0.0,,no_data,0.0,,no_data,0.0,,no_data,0.0,tier_1,9,2015,2023,1
Solapur,Maharashtra,Maharashtra,2020,4,28.25540277777778,good,100.0,61.465611111111116,good,100.0,6.238611111111111,good,100.0,0.8198275862068966,sparse,32.2,3.937027777777778,good,100.0,5.027875,good,100.0,0.0,good,100.0,36.43069444444444,good,100.0,6.196441893830703,good,96.8,,insufficient,22.9,38.963277777777776,good,100.0,31.17337570621469,good,98.3,213.01702127659576,good,97.9,,no_data,0.0,,no_data,0.0,,no_data,0.0,,no_data,0.0,,no_data,0.0,,no_data,0.0,,no_data,0.0,,no_data,0.0,,no_data,0.0,,no_data,0.0,,no_data,0.0,,no_data,0.0,,no_data,0.0,,no_data,0.0,,no_data,0.0,,no_data,0.0,tier_1,9,2015,2023,1
Solapur,Maharashtra,Maharashtra,2020,5,21.444358974358973,good,99.6,63.85591093117409,good,99.6,7.098202020202021,good,66.5,,insufficient,19.4,3.5290456989247314,good,100.0,5.3815591397849465,good,100.0,0.0,good,100.0,36.45684139784946,good,100.0,0.5766711590296496,good,99.7,174.26256338028168,good,95.4,42.3692876344086,good,100.0,34.88043126684636,good,99.7,230.23396505376346,good,100.0,,no_data,0.0,,no_data,0.0,,no_data,0.0,,no_data,0.0,,no_data,0.0,,no_data,0.0,,no_data,0.0,,no_data,0.0,,no_data,0.0,,no_data,0.0,,no_data,0.0,,no_data,0.0,,no_data,0.0,,no_data,0.0,,no_data,0.0,,no_data,0.0,tier_1,9,2015,2023,1
Solapur,Maharashtra,Maharashtra,2020,6,9.815632,good,86.8,32.70684627575277,good,87.6,5.742201834862385,sparse,30.3,15.564626865671643,sparse,27.9,6.243343653250775,good,89.7,6.996826625386997,good,89.7,0.2359907120743034,good,89.7,36.49665634674922,good,89.7,0.43777089783281736,good,89.7,147.71674085850555,good,87.4,77.97055641421947,good,89.9,29.58996908809892,good,89.9,189.97153013910352,good,89.9,,no_data,0.0,,no_data,0.0,,no_data,0.0,,no_data,0.0,,no_data,0.0,,no_data,0.0,,no_data,0.0,,no_data,0.0,,no_data,0.0,,no_data,0.0,,no_data,0.0,,no_data,0.0,,no_data,0.0,,no_data,0.0,,no_data,0.0,,no_data,0.0,tier_1,9,2015,2023,1
Solapur,Maharashtra,Maharashtra,2020,7,7.383769841269841,good,67.7,27.522083333333335,good,67.7,4.364098039215686,good,68.5,16.36097122302158,good,74.7,20.826679764243615,good,68.4,5.582711198428291,good,68.4,0.4101178781925344,good,68.4,36.488509803921566,good,68.5,0.3690098039215686,good,68.5,159.91886021505374,good,62.5,88.78529411764706,good,68.5,28.692882352941183,good,68.5,179.4154705882353,good,68.5,,no_data,0.0,,no_data,0.0,,no_data,0.0,,no_data,0.0,,no_data,0.0,,no_data,0.0,,no_data,0.0,,no_data,0.0,,no_data,0.0,,no_data,0.0,,no_data,0.0,,no_data,0.0,,no_data,0.0,,no_data,0.0,,no_data,0.0,,no_data,0.0,tier_1,9,2015,2023,1
Solapur,Maharashtra,Maharashtra,2020,8,6.305258620689655,sparse,31.2,30.82032520325203,sparse,33.1,4.16976,sparse,33.6,16.48504,sparse,33.6,20.65468,sparse,33.6,5.4356800000000005,sparse,33.6,8e-05,sparse,33.6,36.51968,sparse,33.6,0.33012,sparse,33.6,142.09263829787236,sparse,31.6,93.9664,sparse,33.6,28.11864,sparse,33.6,155.29204000000001,sparse,33.6,,no_data,0.0,,no_data,0.0,,no_data,0.0,,no_data,0.0,,no_data,0.0,,no_data,0.0,,no_data,0.0,,no_data,0.0,,no_data,0.0,,no_data,0.0,,no_data,0.0,,no_data,0.0,,no_data,0.0,,no_data,0.0,,no_data,0.0,,no_data,0.0,tier_1,9,2015,2023,1
Solapur,Maharashtra,Maharashtra,2020,9,12.582608695652175,sparse,31.9,48.80137339055793,sparse,32.4,13.761311475409837,sparse,33.9,15.845699745547073,good,54.6,28.581171548117155,sparse,33.2,6.321338912133891,sparse,33.2,0.010543933054393306,sparse,33.2,36.57816666666667,sparse,33.3,0.4118257261410788,sparse,33.5,200.6443829787234,sparse,32.6,85.20601659751038,sparse,33.5,29.88605809128631,sparse,33.5,213.45423236514523,sparse,33.5,,no_data,0.0,,no_data,0.0,,no_data,0.0,,no_data,0.0,,no_data,0.0,,no_data,0.0,,no_data,0.0,,no_data,0.0,,no_data,0.0,,no_data,0.0,,no_data,0.0,,no_data,0.0,,no_data,0.0,,no_data,0.0,,no_data,0.0,,no_data,0.0,tier_1,9,2015,2023,1
Solapur,Maharashtra,Maharashtra,2020,10,33.120965147453084,good,50.1,101.24130790190735,sparse,49.3,9.869899497487436,good,53.5,16.608310502283107,good,58.9,25.140293333333336,good,50.4,5.217573333333334,good,50.4,0.00336,good,50.4,36.52845744680851,good,50.5,0.34950000000000003,good,51.1,210.36449275362318,sparse,46.4,74.65652631578948,good,51.1,29.35478947368421,good,51.1,191.7998971722365,good,52.3,,no_data,0.0,,no_data,0.0,,no_data,0.0,,no_data,0.0,,no_data,0.0,,no_data,0.0,,no_data,0.0,,no_data,0.0,,no_data,0.0,,no_data,0.0,,no_data,0.0,,no_data,0.0,,no_data,0.0,,no_data,0.0,,no_data,0.0,,no_data,0.0,tier_1,9,2015,2023,1
Solapur,Maharashtra,Maharashtra,2020,11,41.559967479674796,good,85.4,109.86016528925619,good,84.0,11.010894568690095,good,86.9,16.598492307692307,good,90.3,27.551699029126215,good,85.8,6.228932038834952,good,85.8,0.01022653721682848,good,85.8,36.4992071197411,good,85.8,0.48551612903225805,good,86.1,284.9907972270364,good,80.1,61.11072580645162,good,86.1,27.458516129032255,good,86.1,148.25032258064516,good,86.1,,no_data,0.0,,no_data,0.0,,no_data,0.0,,no_data,0.0,,no_data,0.0,,no_data,0.0,,no_data,0.0,,no_data,0.0,,no_data,0.0,,no_data,0.0,,no_data,0.0,,no_data,0.0,,no_data,0.0,,no_data,0.0,,no_data,0.0,,no_data,0.0,tier_1,9,2015,2023,1
Solapur,Maharashtra,Maharashtra,2020,12,55.6261003236246,good,83.1,133.65945812807882,good,81.9,12.55770569620253,good,84.9,20.449258202567762,good,94.2,31.621755233494365,good,83.5,5.798633440514469,good,83.6,0.002909967845659164,good,83.6,36.84051282051282,good,83.9,0.49527999999999994,good,84.0,295.93717728055077,good,78.1,49.992918660287074,good,84.3,26.005629984051037,good,84.3,137.00616113744076,good,85.1,,no_data,0.0,,no_data,0.0,,no_data,0.0,,no_data,0.0,,no_data,0.0,,no_data,0.0,,no_data,0.0,,no_data,0.0,,no_data,0.0,,no_data,0.0,,no_data,0.0,,no_data,0.0,,no_data,0.0,,no_data,0.0,,no_data,0.0,,no_data,0.0,tier_1,9,2015,2023,1
Solapur,Maharashtra,Maharashtra,2021,1,60.7296735395189,good,78.2,144.61147627416523,good,76.5,16.60050847457627,good,79.3,30.516510903426788,good,86.3,47.04107876712329,good,78.5,10.056352739726027,good,78.5,0.0016609589041095892,good,78.5,49.343493150684935,good,78.5,0.4454444444444444,good,78.6,272.9894941634241,good,69.1,57.03926495726496,good,78.6,27.310529914529912,good,78.6,140.43015280135825,good,79.2,,no_data,0.0,,no_data,0.0,,no_data,0.0,,no_data,0.0,,no_data,0.0,,no_data,0.0,,no_data,0.0,,no_data,0.0,,no_data,0.0,,no_data,0.0,,no_data,0.0,,no_data,0.0,,no_data,0.0,,no_data,0.0,,no_data,0.0,,no_data,0.0,tier_1,9,2015,2023,1
Solapur,Maharashtra,Maharashtra,2021,2,51.68844,good,74.4,136.5589419087137,good,71.7,14.836640159045725,good,74.9,30.2369094488189,good,75.6,45.39439363817097,good,74.9,11.810413223140495,good,72.0,0.49077534791252486,good,74.9,43.74417495029821,good,74.9,0.5176938369781312,good,74.9,254.63325274725275,good,67.7,38.805825049701795,good,74.9,27.82671968190855,good,74.9,169.33047713717693,good,74.9,,no_data,0.0,,no_data,0.0,,no_data,0.0,,no_data,0.0,,no_data,0.0,,no_data,0.0,,no_data,0.0,,no_data,0.0,,no_data,0.0,,no_data,0.0,,no_data,0.0,,no_data,0.0,,no_data,0.0,,no_data,0.0,,no_data,0.0,,no_data,0.0,tier_1,9,2015,2023,1
Solapur,Maharashtra,Maharashtra,2021,3,52.45874734607219,good,63.3,128.50987854251014,good,66.4,17.030519230769233,good,69.9,28.37642857142857,good,75.3,45.07842209072979,good,68.1,13.09681728880157,good,68.4,0.6341372549019607,good,68.5,50.00001960784314,good,68.5,0.446399217221135,good,68.7,230.56149789029536,good,63.7,27.712548638132297,good,69.1,32.91994152046784,good,69.0,203.89124513618674,good,69.1,,no_data,0.0,,no_data,0.0,,no_data,0.0,,no_data,0.0,,no_data,0.0,,no_data,0.0,,no_data,0.0,,no_data,0.0,,no_data,0.0,,no_data,0.0,,no_data,0.0,,no_data,0.0,,no_data,0.0,,no_data,0.0,,no_data,0.0,,no_data,0.0,tier_1,9,2015,2023,1
Solapur,Maharashtra,Maharashtra,2021,4,54.147432835820894,sparse,46.5,119.53107871720118,sparse,47.6,60.85635869565217,good,51.1,20.221932367149762,good,57.5,80.42090659340658,good,50.6,10.097013698630137,good,50.7,0.38676712328767127,good,50.7,46.553591160220996,good,50.3,0.44145205479452054,good,50.7,189.4525947521866,sparse,47.6,31.99449315068493,good,50.7,34.108,good,50.7,244.81763586956527,good,51.1,,no_data,0.0,,no_data,0.0,,no_data,0.0,,no_data,0.0,,no_data,0.0,,no_data,0.0,,no_data,0.0,,no_data,0.0,,no_data,0.0,,no_data,0.0,,no_data,0.0,,no_data,0.0,,no_data,0.0,,no_data,0.0,,no_data,0.0,,no_data,0.0,tier_1,9,2015,2023,1
Solapur,Maharashtra,Maharashtra,2021,5,22.12696682464455,sparse,28.4,37.68740875912408,sparse,36.8,58.853421828908544,sparse,45.6,14.765349794238684,good,65.3,74.78954954954955,sparse,44.8,9.992822822822822,sparse,44.8,0.3234834834834835,sparse,44.8,36.616996996997,sparse,44.8,0.5057957957957958,sparse,44.8,185.981367781155,sparse,44.2,54.58123123123124,sparse,44.8,33.093873873873875,sparse,44.8,257.6790690690691,sparse,44.8,,no_data,0.0,,no_data,0.0,,no_data,0.0,,no_data,0.0,,no_data,0.0,,no_data,0.0,,no_data,0.0,,no_data,0.0,,no_data,0.0,,no_data,0.0,,no_data,0.0,,no_data,0.0,,no_data,0.0,,no_data,0.0,,no_data,0.0,,no_data,0.0,tier_1,9,2015,2023,1
Solapur,Maharashtra,Maharashtra,2021,6,12.20777239709443,good,57.4,32.958,good,56.2,21.23234597156398,good,58.6,10.229647302904565,good,66.9,30.212946859903383,good,57.5,14.459492753623188,good,57.5,0.4195169082125604,good,57.5,37.68621686746988,good,57.6,0.4489903846153846,good,57.8,146.34032019704432,good,56.4,81.71365384615385,good,57.8,28.93627403846154,good,57.8,190.0274881516588,good,58.6,,no_data,0.0,,no_data,0.0,,no_data,0.0,,no_data,0.0,,no_data,0.0,,no_data,0.0,,no_data,0.0,,no_data,0.0,,no_data,0.0,,no_data,0.0,,no_data,0.0,,no_data,0.0,,no_data,0.0,,no_data,0.0,,no_data,0.0,,no_data,0.0,tier_1,9,2015,2023,1
Solapur,Maharashtra,Maharashtra,2021,7,10.402490494296577,good,70.7,34.29684210526316,good,69.0,26.21451448040886,good,78.9,8.11890649762282,good,84.8,33.20172101449275,good,74.2,15.564068716094033,good,74.3,0.35596745027124777,good,74.3,34.14005424954792,good,74.3,0.42943243243243245,good,74.6,139.44606653620352,good,68.7,87.62603231597845,good,74.9,28.17138240574506,good,74.9,163.5897137745975,good,75.1,,no_data,0.0,,no_data,0.0,,no_data,0.0,,no_data,0.0,,no_data,0.0,,no_data,0.0,,no_data,0.0,,no_data,0.0,,no_data,0.0,,no_data,0.0,,no_data,0.0,,no_data,0.0,,no_data,0.0,,no_data,0.0,,no_data,0.0,,no_data,0.0,tier_1,9,2015,2023,1
Solapur,Maharashtra,Maharashtra,2021,8,15.55179487179487,sparse,47.2,44.850228571428566,sparse,47.0,34.57932584269663,sparse,47.8,8.497942583732058,good,56.2,42.817429378531074,sparse,47.6,17.39485875706215,sparse,47.6,0.6576901408450705,sparse,47.7,34.024366197183106,sparse,47.7,0.44137640449438204,sparse,47.8,142.8370996978852,sparse,44.5,85.49247191011236,sparse,47.8,28.185280898876403,sparse,47.8,178.3297191011236,sparse,47.8,,no_data,0.0,,no_data,0.0,,no_data,0.0,,no_data,0.0,,no_data,0.0,,no_data,0.0,,no_data,0.0,,no_data,0.0,,no_data,0.0,,no_data,0.0,,no_data,0.0,,no_data,0.0,,no_data,0.0,,no_data,0.0,,no_data,0.0,,no_data,0.0,tier_1,9,2015,2023,1
Solapur,Maharashtra,Maharashtra,2021,9,19.113400000000002,sparse,48.6,43.111661721068245,sparse,46.8,42.060940860215055,good,51.7,9.51937655860349,good,55.7,50.94619834710744,good,50.4,14.663223140495868,good,50.4,0.6697520661157025,good,50.4,35.95198347107438,good,50.4,0.45118457300275483,good,50.4,147.1645045045045,sparse,46.2,87.88798898071624,good,50.4,27.953553719008262,good,50.4,187.57379403794036,good,51.2,,no_data,0.0,,no_data,0.0,,no_data,0.0,,no_data,0.0,,no_data,0.0,,no_data,0.0,,no_data,0.0,,no_data,0.0,,no_data,0.0,,no_data,0.0,,no_data,0.0,,no_data,0.0,,no_data,0.0,,no_data,0.0,,no_data,0.0,,no_data,0.0,tier_1,9,2015,2023,1
Solapur,Maharashtra,Maharashtra,2021,10,30.662036659877803,good,66.0,54.51821120689655,good,62.4,42.5369702970297,good,67.9,13.094631751227496,good,82.1,52.38153558052434,good,71.8,16.72116104868914,good,71.8,0.9336516853932585,good,71.8,39.389700374531834,good,71.8,0.4384456928838951,good,71.8,226.438115942029,good,64.9,69.76855805243444,good,71.8,28.878295880149814,good,71.8,185.96112359550563,good,71.8,,no_data,0.0,,no_data,0.0,,no_data,0.0,,no_data,0.0,,no_data,0.0,,no_data,0.0,,no_data,0.0,,no_data,0.0,,no_data,0.0,,no_data,0.0,,no_data,0.0,,no_data,0.0,,no_data,0.0,,no_data,0.0,,no_data,0.0,,no_data,0.0,tier_1,9,2015,2023,1
Solapur,Maharashtra,Maharashtra,2021,11,40.056815642458105,good,74.6,78.4798458574181,good,72.1,25.584506283662478,good,77.4,37.3426523297491,good,77.5,63.005691202872526,good,77.4,18.940663082437275,good,77.5,1.0954301075268817,good,77.5,35.211075268817204,good,77.5,0.602921146953405,good,77.5,281.6770280373832,good,74.3,68.71885304659499,good,77.5,27.76915770609319,good,77.5,152.32353046594983,good,77.5,,no_data,0.0,,no_data,0.0,,no_data,0.0,,no_data,0.0,,no_data,0.0,,no_data,0.0,,no_data,0.0,,no_data,0.0,,no_data,0.0,,no_data,0.0,,no_data,0.0,,no_data,0.0,,no_data,0.0,,no_data,0.0,,no_data,0.0,,no_data,0.0,tier_1,9,2015,2023,1
Solapur,Maharashtra,Maharashtra,2021,12,48.36050946142649,good,92.3,82.66893895348838,good,92.5,25.379206989247308,good,100.0,40.58559139784946,good,100.0,66.00761776581427,good,99.9,17.465666218034993,good,99.9,0.8916419919246299,good,99.9,32.24278600269179,good,99.9,0.5184791386271871,good,99.9,262.9908823529412,good,86.8,61.028855989232845,good,99.9,25.77951547779273,good,99.9,132.24364247311826,good,100.0,,no_data,0.0,,no_data,0.0,,no_data,0.0,,no_data,0.0,,no_data,0.0,,no_data,0.0,,no_data,0.0,,no_data,0.0,,no_data,0.0,,no_data,0.0,,no_data,0.0,,no_data,0.0,,no_data,0.0,,no_data,0.0,,no_data,0.0,,no_data,0.0,tier_1,9,2015,2023,1
Solapur,Maharashtra,Maharashtra,2022,1,38.354419014084506,good,76.3,68.89237061769616,good,80.5,37.98191938579655,good,70.0,32.86693481276005,good,96.9,54.77647646219686,good,94.2,18.29108416547789,good,94.2,1.1876319543509273,good,94.2,40.735534950071326,good,94.2,0.49660485021398004,good,94.2,229.6373524720893,good,84.3,55.57415121255349,good,94.2,25.059771754636238,good,94.2,134.7698002853067,good,94.2,,no_data,0.0,,no_data,0.0,,no_data,0.0,,no_data,0.0,,no_data,0.0,,no_data,0.0,,no_data,0.0,,no_data,0.0,,no_data,0.0,,no_data,0.0,,no_data,0.0,,no_data,0.0,,no_data,0.0,,no_data,0.0,,no_data,0.0,,no_data,0.0,tier_1,9,2015,2023,1
Solapur,Maharashtra,Maharashtra,2022,2,45.88330188679245,good,63.1,75.93992941176471,good,63.2,27.619175946547884,good,66.8,33.01267932489451,good,70.5,58.18455508474577,good,70.2,21.202563559322034,good,70.2,1.2659322033898304,good,70.2,45.80184322033898,good,70.2,0.47739406779661014,good,70.2,216.65484337349397,good,61.8,36.73459745762712,good,70.2,28.023707627118647,good,70.2,178.66639830508475,good,70.2,,no_data,0.0,,no_data,0.0,,no_data,0.0,,no_data,0.0,,no_data,0.0,,no_data,0.0,,no_data,0.0,,no_data,0.0,,no_data,0.0,,no_data,0.0,,no_data,0.0,,no_data,0.0,,no_data,0.0,,no_data,0.0,,no_data,0.0,,no_data,0.0,tier_1,9,2015,2023,1
Solapur,Maharashtra,Maharashtra,2022,3,46.847012012012016,good,89.5,89.01181818181819,good,90.2,21.536504065040653,good,82.7,36.293280802292266,good,93.8,53.65377331420374,good,93.7,23.712191977077364,good,93.8,1.480272206303725,good,93.8,55.62620343839541,good,93.8,0.4674785100286532,good,93.8,223.85024077046552,good,83.7,29.55532951289398,good,93.8,32.28906876790831,good,93.8,177.96521489971346,good,93.8,,no_data,0.0,,no_data,0.0,,no_data,0.0,,no_data,0.0,,no_data,0.0,,no_data,0.0,,no_data,0.0,,no_data,0.0,,no_data,0.0,,no_data,0.0,,no_data,0.0,,no_data,0.0,,no_data,0.0,,no_data,0.0,,no_data,0.0,,no_data,0.0,tier_1,9,2015,2023,1
Solapur,Maharashtra,Maharashtra,2022,4,39.69705617977529,good,61.8,86.04184322033899,good,65.6,53.33316425120773,good,57.5,34.868259187620886,good,71.8,74.69330628803246,good,68.5,24.067760000000003,good,69.4,1.3124599999999997,good,69.4,56.639096385542175,good,69.2,0.48028,good,69.4,201.68339702760085,good,65.4,30.009559999999997,good,69.4,35.58528,good,69.4,220.27295409181636,good,69.6,,no_data,0.0,,no_data,0.0,,no_data,0.0,,no_data,0.0,,no_data,0.0,,no_data,0.0,,no_data,0.0,,no_data,0.0,,no_data,0.0,,no_data,0.0,,no_data,0.0,,no_data,0.0,,no_data,0.0,,no_data,0.0,,no_data,0.0,,no_data,0.0,tier_1,9,2015,2023,1
Solapur,Maharashtra,Maharashtra,2022,5,42.758590998043054,good,68.7,90.28285977859778,good,72.8,31.393162878787873,good,71.0,32.14866197183099,good,76.3,57.89262877442273,good,75.7,22.371666666666666,good,75.8,1.2752836879432623,good,75.8,56.228563829787234,good,75.8,0.5702831858407079,good,75.9,158.07055456171736,good,75.1,50.620442477876104,good,75.9,33.31630088495575,good,75.9,202.13578014184398,good,75.8,,no_data,0.0,,no_data,0.0,,no_data,0.0,,no_data,0.0,,no_data,0.0,,no_data,0.0,,no_data,0.0,,no_data,0.0,,no_data,0.0,,no_data,0.0,,no_data,0.0,,no_data,0.0,,no_data,0.0,,no_data,0.0,,no_data,0.0,,no_data,0.0,tier_1,9,2015,2023,1
Solapur,Maharashtra,Maharashtra,2022,6,37.03254637436763,good,82.4,79.07086003372682,good,82.4,23.19346801346801,good,82.5,30.211245847176077,good,83.6,52.298313659359195,good,82.4,22.890893760539626,good,82.4,1.1868465430016863,good,82.4,49.16059021922428,good,82.4,0.4759021922428331,good,82.4,137.22313458262352,good,81.5,68.67531986531986,good,82.5,30.751099656357386,good,80.8,206.5985299145299,good,81.2,,no_data,0.0,,no_data,0.0,,no_data,0.0,,no_data,0.0,,no_data,0.0,,no_data,0.0,,no_data,0.0,,no_data,0.0,,no_data,0.0,,no_data,0.0,,no_data,0.0,,no_data,0.0,,no_data,0.0,,no_data,0.0,,no_data,0.0,,no_data,0.0,tier_1,9,2015,2023,1
Solapur,Maharashtra,Maharashtra,2022,7,31.076446043165465,good,93.4,67.72423021582733,good,93.4,25.747340116279066,good,92.5,26.328898678414095,good,91.5,56.67666184971098,good,93.0,22.012686781609194,good,93.5,0.9596982758620689,good,93.5,30.349080459770114,good,93.5,0.45950573065902584,good,93.8,146.81182361733931,good,89.9,89.13726361031519,good,93.8,27.908295128939827,good,93.8,149.77434907010016,good,94.0,,no_data,0.0,,no_data,0.0,,no_data,0.0,,no_data,0.0,,no_data,0.0,,no_data,0.0,,no_data,0.0,,no_data,0.0,,no_data,0.0,,no_data,0.0,,no_data,0.0,,no_data,0.0,,no_data,0.0,,no_data,0.0,,no_data,0.0,,no_data,0.0,tier_1,9,2015,2023,1
Solapur,Maharashtra,Maharashtra,2022,8,34.06161103047895,good,92.6,71.67320754716982,good,92.6,15.350513219284606,good,86.4,27.24638629283489,good,86.3,42.573187499999996,good,86.0,23.826089552238805,good,90.1,0.889089552238806,good,90.1,34.215985074626865,good,90.1,0.7524167872648335,good,92.9,165.9323368740516,good,88.6,87.8968930635838,good,93.0,28.03739507959479,good,92.9,163.3909104046243,good,93.0,,no_data,0.0,,no_data,0.0,,no_data,0.0,,no_data,0.0,,no_data,0.0,,no_data,0.0,,no_data,0.0,,no_data,0.0,,no_data,0.0,,no_data,0.0,,no_data,0.0,,no_data,0.0,,no_data,0.0,,no_data,0.0,,no_data,0.0,,no_data,0.0,tier_1,9,2015,2023,1
Solapur,Maharashtra,Maharashtra,2022,9,31.75207658321061,good,94.3,74.44976435935199,good,94.3,28.87431610942249,good,91.4,25.610331325301207,good,92.2,58.65607575757575,good,91.7,22.90992625368732,good,94.2,0.9737020648967553,good,94.2,31.86637168141593,good,94.2,0.5488880706921944,good,94.3,180.01969841269843,good,87.5,87.85247422680412,good,94.3,27.956097201767303,good,94.3,171.180147275405,good,94.3,,no_data,0.0,,no_data,0.0,,no_data,0.0,,no_data,0.0,,no_data,0.0,,no_data,0.0,,no_data,0.0,,no_data,0.0,,no_data,0.0,,no_data,0.0,,no_data,0.0,,no_data,0.0,,no_data,0.0,,no_data,0.0,,no_data,0.0,,no_data,0.0,tier_1,9,2015,2023,1
Solapur,Maharashtra,Maharashtra,2022,10,34.21075284090909,good,94.6,77.82551136363635,good,94.6,43.717611275964394,good,90.6,33.203025936599424,good,93.3,72.29505847953216,good,91.9,24.384076704545453,good,94.6,1.009559659090909,good,94.6,39.70065340909091,good,94.6,0.5359090909090909,good,94.6,228.0175348837209,good,86.7,74.6579971590909,good,94.6,27.980000000000004,good,94.6,183.39953125,good,94.6,,no_data,0.0,,no_data,0.0,,no_data,0.0,,no_data,0.0,,no_data,0.0,,no_data,0.0,,no_data,0.0,,no_data,0.0,,no_data,0.0,,no_data,0.0,,no_data,0.0,,no_data,0.0,,no_data,0.0,,no_data,0.0,,no_data,0.0,,no_data,0.0,tier_1,9,2015,2023,1
Solapur,Maharashtra,Maharashtra,2022,11,55.34557291666666,good,53.3,95.70039062500001,good,53.3,21.76975,good,77.8,28.356598290598292,good,81.2,50.2192072072072,good,77.1,24.000018018018014,good,77.1,1.1417837837837839,good,77.1,38.04156756756757,good,77.1,0.7175,good,76.9,275.5001361867704,good,71.4,45.29373646209387,good,76.9,28.057382671480145,good,76.9,199.08535135135133,good,77.1,,no_data,0.0,,no_data,0.0,,no_data,0.0,,no_data,0.0,,no_data,0.0,,no_data,0.0,,no_data,0.0,,no_data,0.0,,no_data,0.0,,no_data,0.0,,no_data,0.0,,no_data,0.0,,no_data,0.0,,no_data,0.0,,no_data,0.0,,no_data,0.0,tier_1,9,2015,2023,1
Solapur,Maharashtra,Maharashtra,2022,12,48.84471374045801,good,70.4,89.25658349328214,good,70.0,22.57682842287695,good,77.6,27.48494097807757,good,79.7,49.96747386759582,good,77.2,17.737160278745645,good,77.2,0.9537282229965158,good,77.2,39.944198606271776,good,77.2,0.7623344947735192,good,77.2,265.83370370370375,good,65.3,53.944591304347824,good,77.3,27.607456445993034,good,77.2,147.33824652777778,good,77.4,,no_data,0.0,,no_data,0.0,,no_data,0.0,,no_data,0.0,,no_data,0.0,,no_data,0.0,,no_data,0.0,,no_data,0.0,,no_data,0.0,,no_data,0.0,,no_data,0.0,,no_data,0.0,,no_data,0.0,,no_data,0.0,,no_data,0.0,,no_data,0.0,tier_1,9,2015,2023,1
Solapur,Maharashtra,Maharashtra,2023,1,49.53567142857143,good,94.1,122.87530085959884,good,93.8,21.490672413793106,good,78.0,41.18113559322035,good,79.3,61.918865979381444,good,78.2,44.13817869415807,good,78.2,1.3828070175438596,sparse,38.3,59.58631054131054,good,94.4,1.0224501424501424,good,94.4,250.08178316690444,good,94.2,44.65251420454545,good,94.6,26.334507845934375,good,94.2,152.48617897727271,good,94.6,,no_data,0.0,,no_data,0.0,,no_data,0.0,,no_data,0.0,,no_data,0.0,,no_data,0.0,,no_data,0.0,,no_data,0.0,,no_data,0.0,,no_data,0.0,,no_data,0.0,,no_data,0.0,,no_data,0.0,,no_data,0.0,,no_data,0.0,,no_data,0.0,tier_1,9,2015,2023,1
Solapur,Maharashtra,Maharashtra,2023,2,35.705256024096386,good,98.8,141.8527560240964,good,98.8,13.23105095541401,good,93.5,62.33546130952381,good,100.0,74.07506024096385,good,98.8,75.73046686746987,good,98.8,,insufficient,0.0,63.7758045112782,good,99.0,0.5591353383458646,good,99.0,239.38497744360905,good,99.0,28.770015037593982,good,99.0,28.752601503759404,good,99.0,187.46439097744363,good,99.0,,no_data,0.0,,no_data,0.0,,no_data,0.0,,no_data,0.0,,no_data,0.0,,no_data,0.0,,no_data,0.0,,no_data,0.0,,no_data,0.0,,no_data,0.0,,no_data,0.0,,no_data,0.0,,no_data,0.0,,no_data,0.0,,no_data,0.0,,no_data,0.0,tier_1,9,2015,2023,1
Solapur,Maharashtra,Maharashtra,2023,3,40.31552667578659,good,98.3,139.2728317373461,good,98.3,16.006930693069307,good,54.3,56.209084699453555,good,98.4,61.09277701778386,good,98.3,64.4007387140903,good,98.3,,insufficient,0.0,56.77151846785226,good,98.3,0.5428180574555403,good,98.3,227.31789329685364,good,98.3,32.6386730506156,good,98.3,29.847428180574557,good,98.3,202.06896174863385,good,98.4,,no_data,0.0,,no_data,0.0,,no_data,0.0,,no_data,0.0,,no_data,0.0,,no_data,0.0,,no_data,0.0,,no_data,0.0,,no_data,0.0,,no_data,0.0,,no_data,0.0,,no_data,0.0,,no_data,0.0,,no_data,0.0,,no_data,0.0,,no_data,0.0,tier_1,9,2015,2023,1
